kmeans_cluster,customers,total_revenue,avg_monetary,avg_frequency,avg_recency,avg_order_value,avg_basket_size,avg_discount_pct,weekend_order_rate,avg_visit_gap,kmeans_segment_name
0,2045,313976.06,153.53352567237164,3.732518337408313,492.61711491442543,41.264631603829706,3.432816931286993,1.5204180294033596,0.3554382263941126,0.04743276283618582,High-Value Inactive Large-Basket
1,1926,799481.66,415.0995119418484,14.924714434060228,77.79439252336448,27.767472627904482,2.858762665406059,1.7523627854633494,0.3385223710671358,2.3624091381100727,High-Value Frequent Discount-Sensitive
2,1711,136495.49,79.77527177089421,5.389830508474576,363.7054354178843,14.387011022302305,2.8154556611507444,1.5421518632882725,0.3417121377312944,1.071303331385155,Low-Value Frequent Weekend-Oriented
3,1741,167268.01,96.07582423894314,4.452613440551407,408.6513497989661,21.815258568963245,2.83073005969999,1.6594793917514437,0.29030676058384236,0.3641585295807008,Mid-Value Occasional Discount-Sensitive
4,2578,184660.57,71.6293910007758,3.3491078355314197,523.8797517455391,20.503405545816136,2.2361368450100025,1.617119640660176,0.34143097549808177,0.04848719937936385,Low-Value Inactive Standard
