{
  "model": "lightgbm_weekly",
  "model_type": "global (one model for all 122 items)",
  "granularity": "weekly",
  "n_items": 122,
  "n_features": 84,
  "training_time_seconds": 0.9368424415588379,
  "best_iteration": 281,
  "overall_metrics": {
    "val": {
      "mae": 2.3660418631404694,
      "rmse": 3.048674724341844,
      "mape": 0.509801781499829,
      "smape": 0.37438433772566837,
      "wape": 0.3060801300930493,
      "mase": NaN,
      "r2": 0.6614117697292345,
      "bias": -0.3489970030770533
    },
    "test": {
      "mae": 2.675506362838588,
      "rmse": 3.498326884255931,
      "mape": 0.3732208487370362,
      "smape": 0.3059456704595613,
      "wape": 0.26168230876284254,
      "mase": NaN,
      "r2": 0.6681074672235086,
      "bias": 0.28040295464317916
    }
  },
  "per_section_metrics": {
    "val": {
      "American": {
        "mae": 3.0068840801629215,
        "wape": 0.34140521044594924,
        "r2": -0.010353417349051623
      },
      "Cafe": {
        "mae": 2.4169976753134,
        "wape": 0.27783890154030183,
        "r2": 0.4183998245949089
      },
      "Healthy_Vegan": {
        "mae": 1.6868443673991653,
        "wape": 0.3502562561305553,
        "r2": 0.11142392723958093
      },
      "Italian": {
        "mae": 2.2685822549379733,
        "wape": 0.3917598046497927,
        "r2": 0.0025419291257362735
      },
      "Japanese": {
        "mae": 2.3287282817767245,
        "wape": 0.3901797901935254,
        "r2": -0.22354800714827439
      },
      "Mexican": {
        "mae": 2.4104560215545856,
        "wape": 0.3449418434549798,
        "r2": 0.008036340660266875
      },
      "Steakhouse": {
        "mae": 2.0809548135998663,
        "wape": 0.4015706955144259,
        "r2": -0.08538569285469277
      }
    },
    "test": {
      "American": {
        "mae": 3.0208889425144787,
        "wape": 0.26487863202701534,
        "r2": -0.03732719208373887
      },
      "Cafe": {
        "mae": 3.128312243498655,
        "wape": 0.23582316465588407,
        "r2": 0.11543547829102821
      },
      "Healthy_Vegan": {
        "mae": 2.449730169932918,
        "wape": 0.3198864347616468,
        "r2": -0.03468953950108151
      },
      "Italian": {
        "mae": 2.569895785758379,
        "wape": 0.2929430043839364,
        "r2": 0.05329630020597156
      },
      "Japanese": {
        "mae": 2.688622231142954,
        "wape": 0.30354300806251366,
        "r2": -0.08198701303816247
      },
      "Mexican": {
        "mae": 2.5697300257541875,
        "wape": 0.305755406353949,
        "r2": -0.026374212279619714
      },
      "Steakhouse": {
        "mae": 2.13430032136869,
        "wape": 0.3330190491076014,
        "r2": 0.05396388387169566
      }
    }
  },
  "per_volume_tier_metrics": {
    "val": {
      "Medium (7-35/wk)": {
        "mae": 2.7005722880455787,
        "wape": 0.3016006029015968,
        "r2": 0.08919968140742658
      },
      "Low (<7/wk)": {
        "mae": 1.8133394219928978,
        "wape": 0.44811408265974395,
        "r2": -0.06947073913451295
      }
    },
    "test": {
      "Medium (7-35/wk)": {
        "mae": 3.083129051926408,
        "wape": 0.25112467443170133,
        "r2": 0.01644267015455248
      },
      "Low (<7/wk)": {
        "mae": 2.002042789563059,
        "wape": 0.3571886894529061,
        "r2": -0.0069197975627514835
      }
    }
  },
  "baseline_comparison": {
    "seasonal_naive_val": {
      "mae": 3.2162673392181587,
      "wape": 0.46837898429030794,
      "r2": -0.9063796944134943
    },
    "seasonal_naive_test": {
      "mae": 3.555695670449769,
      "wape": 0.38822543722299857,
      "r2": -0.8227744695118959
    },
    "mean_val": {
      "mae": 3.143388058977592,
      "wape": 0.47244523367825625,
      "r2": -0.6883873740397991
    },
    "mean_test": {
      "mae": 2.8912176253758854,
      "wape": 0.3087114950679509,
      "r2": -0.15915447303049704
    },
    "last_value_val": {
      "mae": 4.313366960907944,
      "wape": 0.6269866797058133,
      "r2": -2.4877281007711725
    },
    "last_value_test": {
      "mae": 4.156368221941992,
      "wape": 0.45930882125510986,
      "r2": -1.4437100049015452
    },
    "lightgbm_val": {
      "mae": 2.3660418631404694,
      "wape": 0.3060801300930493,
      "r2": 0.6614117697292345
    },
    "lightgbm_test": {
      "mae": 2.675506362838588,
      "wape": 0.26168230876284254,
      "r2": 0.6681074672235086
    }
  },
  "top_features": {
    "rolling_mean_8w": {
      "gain": 115346.15965330601,
      "split": 332
    },
    "expanding_mean": {
      "gain": 41239.86048734188,
      "split": 570
    },
    "lag_1_4_mean": {
      "gain": 27467.09660232067,
      "split": 192
    },
    "rolling_mean_4w": {
      "gain": 9172.336898326874,
      "split": 25
    },
    "rolling_mean_13w": {
      "gain": 6344.697537302971,
      "split": 178
    },
    "ramadan_days_in_week": {
      "gain": 4172.921622037888,
      "split": 203
    },
    "section_lag_1w": {
      "gain": 2979.203649520874,
      "split": 524
    },
    "section_rolling_4w": {
      "gain": 2798.5082470178604,
      "split": 515
    },
    "woy_sin": {
      "gain": 2696.133135676384,
      "split": 347
    },
    "week_of_year": {
      "gain": 2668.7059638500214,
      "split": 321
    },
    "ramadan_x_cafe": {
      "gain": 2348.7069289684296,
      "split": 122
    },
    "total_lag_1w": {
      "gain": 1868.8142471313477,
      "split": 320
    },
    "woy_cos": {
      "gain": 1786.2245327234268,
      "split": 220
    },
    "total_rolling_4w": {
      "gain": 1741.478833079338,
      "split": 252
    },
    "n_holidays_in_week": {
      "gain": 1589.701556444168,
      "split": 135
    },
    "demand_momentum": {
      "gain": 1356.7063686847687,
      "split": 311
    },
    "rolling_min_4w": {
      "gain": 1164.8909834623337,
      "split": 83
    },
    "month_cos": {
      "gain": 1091.024958372116,
      "split": 104
    },
    "rolling_cv_4w": {
      "gain": 1078.74893784523,
      "split": 248
    },
    "item_share_of_section": {
      "gain": 1075.7534329891205,
      "split": 186
    }
  }
}