{
  "model": "lstm",
  "arch": {
    "hidden_size": 64,
    "num_layers": 2,
    "seq_len": 12,
    "embed_dim": 8,
    "dropout": 0.3,
    "num_items": 122
  },
  "training_time_sec": 68.0,
  "epochs_run": 33,
  "best_val_mae": 2.4541823863983154,
  "overall_metrics": {
    "val": {
      "mae": 2.454182367832934,
      "rmse": 3.2445543977241944,
      "mape": 0.5208691496507155,
      "smape": 0.3818847279604672,
      "wape": 0.3174823193624008,
      "r2": 0.6165049197774429,
      "bias": -0.2414489023171337
    },
    "test": {
      "mae": 2.7361328069178583,
      "rmse": 3.643006369496504,
      "mape": 0.3608007271770877,
      "smape": 0.31071369672327376,
      "wape": 0.2676119780318451,
      "r2": 0.6400878007659172,
      "bias": 0.8276757644274095
    }
  }
}