{
  "model": "prophet_weekly",
  "granularity": "weekly",
  "n_items": 122,
  "training_time_seconds": 27.106367349624634,
  "overall_metrics": {
    "val": {
      "mae": 2.8864640633754814,
      "rmse": 3.7281665062225136,
      "mape": 0.6366709589620235,
      "smape": 0.4286553140358239,
      "wape": 0.3734039155394383,
      "mase": NaN,
      "r2": 0.4936622843069174,
      "bias": -0.7890747328334132
    },
    "test": {
      "mae": 2.900973058598886,
      "rmse": 3.7452098858857483,
      "mape": 0.4152652727407125,
      "smape": 0.3321513279385138,
      "wape": 0.2837344504864329,
      "mase": NaN,
      "r2": 0.6196100551655064,
      "bias": -0.07430915017827473
    }
  },
  "per_section_metrics": {
    "val": {
      "American": {
        "mae": 3.6985758928538113,
        "wape": 0.3987652549292112,
        "r2": -0.3997543101346548
      },
      "Cafe": {
        "mae": 3.416132829752527,
        "wape": 0.38417372424274754,
        "r2": -0.13298754980994812
      },
      "Healthy_Vegan": {
        "mae": 2.3717350037677662,
        "wape": 0.486728541726729,
        "r2": -0.5475299317787358
      },
      "Italian": {
        "mae": 2.6671017492096354,
        "wape": 0.4362551735289944,
        "r2": -0.39601853496136596
      },
      "Japanese": {
        "mae": 2.5988517835220786,
        "wape": 0.41266698436497706,
        "r2": -0.4683493201380259
      },
      "Mexican": {
        "mae": 2.8197044329798637,
        "wape": 0.4081804953886713,
        "r2": -0.44173442941266694
      },
      "Steakhouse": {
        "mae": 2.2740795056859935,
        "wape": 0.43324796066703264,
        "r2": -0.22387187944807485
      }
    },
    "test": {
      "American": {
        "mae": 3.217709409604371,
        "wape": 0.2913560013525113,
        "r2": -0.1630858110031483
      },
      "Cafe": {
        "mae": 3.3877846478555043,
        "wape": 0.25386527594747954,
        "r2": -0.0392407930955036
      },
      "Healthy_Vegan": {
        "mae": 2.799220027733646,
        "wape": 0.37446474765602994,
        "r2": -0.44337744582185395
      },
      "Italian": {
        "mae": 2.694876129160899,
        "wape": 0.3113266439467542,
        "r2": -0.044347816783881604
      },
      "Japanese": {
        "mae": 3.024076452051342,
        "wape": 0.3390465269052781,
        "r2": -0.34445606409232404
      },
      "Mexican": {
        "mae": 2.8151177920820056,
        "wape": 0.3334301664204396,
        "r2": -0.23843289645449806
      },
      "Steakhouse": {
        "mae": 2.266940005140376,
        "wape": 0.36195677765768675,
        "r2": -0.16137757484056867
      }
    }
  },
  "per_volume_tier_metrics": {
    "val": {
      "Medium (7-35/wk)": {
        "mae": 3.387531745517723,
        "wape": 0.37712529555955865,
        "r2": -0.3890419851812064
      },
      "Low (<7/wk)": {
        "mae": 2.0586131102709073,
        "wape": 0.4899712629065693,
        "r2": -0.33947448715413625
      }
    },
    "test": {
      "Medium (7-35/wk)": {
        "mae": 3.341593285843633,
        "wape": 0.27395871075692,
        "r2": -0.16177981904673935
      },
      "Low (<7/wk)": {
        "mae": 2.172991813585827,
        "wape": 0.39446426300050047,
        "r2": -0.22945644056448491
      }
    }
  },
  "baseline_comparison": {
    "seasonal_naive_val": {
      "mae": 4.162673392181588,
      "wape": 0.5961149438618666,
      "r2": -2.022792232822717
    },
    "seasonal_naive_test": {
      "mae": 4.058007566204287,
      "wape": 0.44861909406536626,
      "r2": -1.3460036145402878
    },
    "mean_val": {
      "mae": 3.143388058977592,
      "wape": 0.47244523367825625,
      "r2": -0.6883873740397991
    },
    "mean_test": {
      "mae": 2.8912176253758854,
      "wape": 0.3087114950679509,
      "r2": -0.15915447303049704
    },
    "last_value_val": {
      "mae": 4.313366960907944,
      "wape": 0.6269866797058133,
      "r2": -2.4877281007711725
    },
    "last_value_test": {
      "mae": 4.156368221941992,
      "wape": 0.45930882125510986,
      "r2": -1.4437100049015452
    },
    "prophet_val": {
      "mae": 2.8864640633754814,
      "wape": 0.3734039155394383,
      "r2": 0.4936622843069174
    },
    "prophet_test": {
      "mae": 2.900973058598886,
      "wape": 0.2837344504864329,
      "r2": 0.6196100551655064
    }
  }
}