{
  "model": "sarima_weekly",
  "granularity": "weekly",
  "seasonal_period_m": 4,
  "n_items": 122,
  "training_time_seconds": 1029.2236862182617,
  "overall_metrics": {
    "val": {
      "mae": 3.1067619856270206,
      "rmse": 3.986514788146366,
      "mape": 0.7157734995019089,
      "smape": 0.4460468271677265,
      "wape": 0.4019024885158609,
      "mase": NaN,
      "r2": 0.4210561617809453,
      "bias": -1.3036493857995788
    },
    "test": {
      "mae": 2.9313656295221597,
      "rmse": 3.9256081257673685,
      "mape": 0.3738889633665729,
      "smape": 0.32861033076668617,
      "wape": 0.28670704596925684,
      "mase": NaN,
      "r2": 0.5820824646271601,
      "bias": 1.0429010593796841
    }
  },
  "per_section_metrics": {
    "val": {
      "American": {
        "mae": 3.627977417317721,
        "wape": 0.3920097965460249,
        "r2": -0.3785409464329315
      },
      "Cafe": {
        "mae": 4.022994607672031,
        "wape": 0.4605033471438091,
        "r2": -0.6745551483400554
      },
      "Healthy_Vegan": {
        "mae": 2.721088274262135,
        "wape": 0.5586933209803293,
        "r2": -0.9335033276687349
      },
      "Italian": {
        "mae": 2.8923649998988723,
        "wape": 0.4924364456849681,
        "r2": -0.6300813924119244
      },
      "Japanese": {
        "mae": 3.2594407551143485,
        "wape": 0.5031730679412901,
        "r2": -1.2134562014226242
      },
      "Mexican": {
        "mae": 2.7408792687697496,
        "wape": 0.3957207960910724,
        "r2": -0.2725472491097226
      },
      "Steakhouse": {
        "mae": 2.2622453783349474,
        "wape": 0.43482851303690356,
        "r2": -0.3280285929315985
      }
    },
    "test": {
      "American": {
        "mae": 3.186049330065864,
        "wape": 0.27760047117689923,
        "r2": -0.15221213523015398
      },
      "Cafe": {
        "mae": 3.8077583614005848,
        "wape": 0.2819287818362439,
        "r2": -0.29231952570149256
      },
      "Healthy_Vegan": {
        "mae": 2.7255064137572624,
        "wape": 0.3455309361104226,
        "r2": -0.2377921554901953
      },
      "Italian": {
        "mae": 2.7874183489153515,
        "wape": 0.31511089901097067,
        "r2": -0.13743138429119411
      },
      "Japanese": {
        "mae": 2.9732437900046307,
        "wape": 0.33173860360154805,
        "r2": -0.3490299450156757
      },
      "Mexican": {
        "mae": 2.5910967861763115,
        "wape": 0.3066009350845432,
        "r2": -0.0794289652951955
      },
      "Steakhouse": {
        "mae": 2.3437105671907665,
        "wape": 0.35124264677886313,
        "r2": -0.08296108585180131
      }
    }
  },
  "per_volume_tier_metrics": {
    "val": {
      "Medium (7-35/wk)": {
        "mae": 3.747667765134783,
        "wape": 0.4288717481950995,
        "r2": -0.7682738687624937
      },
      "Low (<7/wk)": {
        "mae": 2.0478741760055006,
        "wape": 0.5020939854622074,
        "r2": -0.3392595605615399
      }
    },
    "test": {
      "Medium (7-35/wk)": {
        "mae": 3.4633954718204847,
        "wape": 0.28089659175502035,
        "r2": -0.2430044940828242
      },
      "Low (<7/wk)": {
        "mae": 2.052359803116232,
        "wape": 0.36423792065282495,
        "r2": -0.08505624555193754
      }
    }
  },
  "baseline_comparison": {
    "seasonal_naive_val": {
      "mae": 4.162673392181588,
      "wape": 0.5961149438618666,
      "r2": -2.022792232822717
    },
    "seasonal_naive_test": {
      "mae": 4.058007566204287,
      "wape": 0.44861909406536626,
      "r2": -1.3460036145402878
    },
    "mean_val": {
      "mae": 3.143388058977592,
      "wape": 0.47244523367825625,
      "r2": -0.6883873740397991
    },
    "mean_test": {
      "mae": 2.8912176253758854,
      "wape": 0.3087114950679509,
      "r2": -0.15915447303049704
    },
    "last_value_val": {
      "mae": 4.313366960907944,
      "wape": 0.6269866797058133,
      "r2": -2.4877281007711725
    },
    "last_value_test": {
      "mae": 4.156368221941992,
      "wape": 0.45930882125510986,
      "r2": -1.4437100049015452
    },
    "sarima_val": {
      "mae": 3.1067619856270206,
      "wape": 0.4019024885158609,
      "r2": 0.4210561617809453
    },
    "sarima_test": {
      "mae": 2.9313656295221597,
      "wape": 0.28670704596925684,
      "r2": 0.5820824646271601
    }
  }
}