{
  "model": "xgboost_weekly",
  "model_type": "global (one model for all 122 items)",
  "granularity": "weekly",
  "n_items": 122,
  "n_features": 84,
  "training_time_seconds": 0.6227626800537109,
  "best_iteration": 178,
  "overall_metrics": {
    "val": {
      "mae": 2.3756363590307825,
      "rmse": 3.06430931226695,
      "mape": 0.5285882114660894,
      "smape": 0.37398511250335575,
      "wape": 0.30732131039337857,
      "mase": NaN,
      "r2": 0.6579300855186572,
      "bias": -0.48428648928224965
    },
    "test": {
      "mae": 2.672296455448643,
      "rmse": 3.4844710023434313,
      "mape": 0.37776848812899794,
      "smape": 0.30631038235646674,
      "wape": 0.2613683584809884,
      "mase": NaN,
      "r2": 0.6707313253656252,
      "bias": 0.2637441796182133
    }
  },
  "per_section_metrics": {
    "val": {
      "American": {
        "mae": 3.060579761917338,
        "wape": 0.346356723443943,
        "r2": -0.03754296944947465
      },
      "Cafe": {
        "mae": 2.2682473486904646,
        "wape": 0.2625484311843048,
        "r2": 0.49042558231579875
      },
      "Healthy_Vegan": {
        "mae": 1.7979486477680695,
        "wape": 0.3689562329354694,
        "r2": 0.048975676381633755
      },
      "Italian": {
        "mae": 2.2816506865974904,
        "wape": 0.39549493827263826,
        "r2": -0.019781787873015756
      },
      "Japanese": {
        "mae": 2.3910064559716444,
        "wape": 0.3968817409114646,
        "r2": -0.29221710556780833
      },
      "Mexican": {
        "mae": 2.367909218135633,
        "wape": 0.3428888269999799,
        "r2": 0.022257979644779134
      },
      "Steakhouse": {
        "mae": 2.131811903684567,
        "wape": 0.41153268685794564,
        "r2": -0.16607958087612265
      }
    },
    "test": {
      "American": {
        "mae": 3.0091186332469753,
        "wape": 0.26553084641772084,
        "r2": -0.0391027495076652
      },
      "Cafe": {
        "mae": 3.117639948699629,
        "wape": 0.23560677270435626,
        "r2": 0.1244724358832087
      },
      "Healthy_Vegan": {
        "mae": 2.471512199467064,
        "wape": 0.3242980719993725,
        "r2": -0.04703845327479747
      },
      "Italian": {
        "mae": 2.5761585996979046,
        "wape": 0.2941244101457325,
        "r2": 0.04945580426295222
      },
      "Japanese": {
        "mae": 2.6596487294404936,
        "wape": 0.30118029182092254,
        "r2": -0.05851321273063266
      },
      "Mexican": {
        "mae": 2.566872591592683,
        "wape": 0.30576474469107423,
        "r2": -0.022384283770892625
      },
      "Steakhouse": {
        "mae": 2.1446801760257816,
        "wape": 0.3357325777994527,
        "r2": 0.052846250632298
      }
    }
  },
  "per_volume_tier_metrics": {
    "val": {
      "Medium (7-35/wk)": {
        "mae": 2.6943246220287524,
        "wape": 0.3019001879984178,
        "r2": 0.07781340771404939
      },
      "Low (<7/wk)": {
        "mae": 1.8491079245123974,
        "wape": 0.4556249900489597,
        "r2": -0.1077444228465403
      }
    },
    "test": {
      "Medium (7-35/wk)": {
        "mae": 3.07145596708846,
        "wape": 0.250608732048604,
        "r2": 0.02254329025109308
      },
      "Low (<7/wk)": {
        "mae": 2.0128155231741625,
        "wape": 0.36004166625017037,
        "r2": -0.01007976456727671
      }
    }
  },
  "baseline_comparison": {
    "seasonal_naive_val": {
      "mae": 3.2162673392181587,
      "wape": 0.46837898429030794,
      "r2": -0.9063796944134943
    },
    "seasonal_naive_test": {
      "mae": 3.555695670449769,
      "wape": 0.38822543722299857,
      "r2": -0.8227744695118959
    },
    "mean_val": {
      "mae": 3.143388058977592,
      "wape": 0.47244523367825625,
      "r2": -0.6883873740397991
    },
    "mean_test": {
      "mae": 2.8912176253758854,
      "wape": 0.3087114950679509,
      "r2": -0.15915447303049704
    },
    "last_value_val": {
      "mae": 4.313366960907944,
      "wape": 0.6269866797058133,
      "r2": -2.4877281007711725
    },
    "last_value_test": {
      "mae": 4.156368221941992,
      "wape": 0.45930882125510986,
      "r2": -1.4437100049015452
    },
    "xgboost_val": {
      "mae": 2.3756363590307825,
      "wape": 0.30732131039337857,
      "r2": 0.6579300855186572
    },
    "xgboost_test": {
      "mae": 2.672296455448643,
      "wape": 0.2613683584809884,
      "r2": 0.6707313253656252
    }
  },
  "top_features": {
    "rolling_mean_8w": {
      "gain": 247.333740234375,
      "weight": 458.0,
      "cover": 37341.3125
    },
    "rolling_mean_4w": {
      "gain": 228.5376434326172,
      "weight": 64.0,
      "cover": 40262.82421875
    },
    "lag_1_4_mean": {
      "gain": 71.22677612304688,
      "weight": 352.0,
      "cover": 33195.19140625
    },
    "expanding_mean": {
      "gain": 56.023475646972656,
      "weight": 720.0,
      "cover": 47985.421875
    },
    "rolling_mean_13w": {
      "gain": 28.458864212036133,
      "weight": 311.0,
      "cover": 21705.9453125
    },
    "ramadan_x_cafe": {
      "gain": 16.425418853759766,
      "weight": 124.0,
      "cover": 35802.71484375
    },
    "ramadan_days_in_week": {
      "gain": 16.389318466186523,
      "weight": 241.0,
      "cover": 38565.73046875
    },
    "is_ramadan_week": {
      "gain": 14.582950592041016,
      "weight": 36.0,
      "cover": 50382.87890625
    },
    "n_holidays_in_week": {
      "gain": 9.201000213623047,
      "weight": 184.0,
      "cover": 29662.2578125
    },
    "month_cos_x_cafe": {
      "gain": 8.938302993774414,
      "weight": 79.0,
      "cover": 22953.060546875
    },
    "ramadan_x_healthyvegan": {
      "gain": 8.10004997253418,
      "weight": 67.0,
      "cover": 41408.265625
    },
    "section_encoded": {
      "gain": 7.806700706481934,
      "weight": 69.0,
      "cover": 6879.2783203125
    },
    "month_sin_x_cafe": {
      "gain": 7.412908554077148,
      "weight": 52.0,
      "cover": 20057.365234375
    },
    "woy_cos": {
      "gain": 7.200521945953369,
      "weight": 269.0,
      "cover": 24479.421875
    },
    "month_cos": {
      "gain": 6.806731224060059,
      "weight": 139.0,
      "cover": 24546.392578125
    },
    "ramadan_x_mexican": {
      "gain": 6.61794900894165,
      "weight": 5.0,
      "cover": 1767.198974609375
    },
    "woy_sin": {
      "gain": 6.514909744262695,
      "weight": 428.0,
      "cover": 29544.833984375
    },
    "rolling_min_4w": {
      "gain": 6.1944475173950195,
      "weight": 130.0,
      "cover": 24883.716796875
    },
    "lag1w_x_cafe": {
      "gain": 6.189571380615234,
      "weight": 93.0,
      "cover": 10474.0830078125
    },
    "week_of_year": {
      "gain": 6.105101585388184,
      "weight": 490.0,
      "cover": 19076.361328125
    }
  }
}