model,precision@k,recall@k,f1@k,ndcg@k
Popularity Baseline,0.05902578796561605,0.10177416068924273,0.07471768591314484,0.0994162253745917
SVD (k=10),0.2040375097681687,0.3736312770468801,0.2639394652443083,0.3284999533850414
"ALS (k=10, α=10, λ=0.1)",0.1967960406355822,0.36773738764491565,0.25638609958889375,0.31418625518254495
