,14oz Ribeye,8oz Filet Mignon,Acai Berry Bowl,Almond Croissant,Apple Pie,Avocado Toast,Bacon Double Burger,Beef Lasagna,Beef Tacos (3pc),Black Tea,Blueberry Muffin,Breakfast Sandwich (Egg & Cheese),Bruschetta,Buffalo Wings (10pc),Butter Croissant,California Roll,Cannoli,Cappuccino,Caprese Salad,Caramel Flan,Caramel Macchiato,Chardonnay (Glass),Cheese Quesadilla,Chicken Burrito,Chicken Enchiladas,Chicken Tenders (4pc),Chicken Teriyaki Bento,Chocolate Brownie,Chocolate Chip Cookie,Churros with Chocolate,Classic Cheeseburger,Classic Margarita,Coca-Cola,Coconut Water,Cold Brew Coffee,Cold Pressed Green Juice,Corona Extra,Creamed Spinach,Crispy Chicken Sandwich,Crème Brûlée,Diet Coke,Dr Pepper,Dragon Roll,Edamame,Espresso,Everything Bagel with Cream Cheese,Fettuccine Alfredo,French Fries,Fried Calamari,Fruit Smoothie,Garlic Bread,Garlic Mashed Potatoes,Green Tea,Green Tea Mochi Ice Cream,Grilled Asparagus,Grilled Atlantic Salmon,Grilled Tofu Wrap,Guacamole,Herb-Crusted Rack of Lamb,Horchata,Hot Dog with Mustard,Hot Sake (Small),Hummus & Pita,Iced Latte,Iced Tea,Jumbo Shrimp Cocktail,Kale & Sweet Potato Salad,Kombucha (Ginger),Lemon Gelato,Loaded Nachos,Lobster Ravioli,Mac & Cheese,Margherita Pizza,Matcha Green Tea Latte,Meatball Calzone,Mexican Coke (Glass Bottle),Miso Soup,Modelo Especial,New York Cheesecake,Oatmeal with Berries,Old Fashioned Cocktail,Onion Rings,Orange Juice,Oysters on the Half Shell (6pc),Pepperoni Pizza,Peroni Beer,Philly Cheesesteak,Pork Carnitas Bowl,Pork Gyoza (6pc),Pork Ramen,Potato Gnocchi with Pesto,Premium Cabernet Sauvignon (Glass),Prosciutto & Arugula Pizza,Prosecco,Queso Dip,Quinoa Power Bowl,Red Wine (Cabernet),Red Wine (Chianti),Rice & Beans,Roasted Chickpeas,Salmon Nigiri (2pc),Sapporo Draft,Seaweed Salad,Side Salad with Vinaigrette,Spaghetti Carbonara,Spicy BBQ Bacon Burger,Spicy Jalapeno Margarita,Spicy Salsa,Spicy Tuna Roll,Sprite,Steak Fajitas,Sweet Potato Fries,Tiramisu,Tortilla Chips,Truffle Mac & Cheese,Truffle Mushroom Pizza,Tuna Sashimi (5pc),Vanilla Milkshake,Vegan Buddha Bowl,Vegan Peanut Butter Protein Ball,Vegetable Udon,White Wine (Pinot Grigio)
14oz Ribeye,1.0000000000000002,0.8486288899607585,-0.1514637676410168,-0.4064699585455085,0.31048641466428534,0.09675593523738066,-0.1368735867266353,-0.01342769358142942,-0.2422914835083389,-0.29310043471502883,0.1280496670865763,0.24193493021503207,0.047396421659497374,0.02302489255507332,-0.3980665013142392,-0.03830540406514403,-0.28394132274758954,-0.5059155611792734,0.13212319662608443,0.1720268244295436,-0.4750234064330216,0.5530877296798284,-0.18701236221512482,-0.08312209091962569,-0.20734639213856704,-0.09062968108251244,0.34056495869319314,-0.05799441202086183,-0.06140391176140099,-0.3795598321585555,-0.2098369722652359,0.23468543828311678,-0.2961175646132235,-0.3250483316504161,-0.2895467662078009,-0.29449157292076855,-0.09431232409749507,0.6294246805289829,-0.06142614848611226,0.6083114914683347,-0.0033552318636644977,-0.2817601091992526,-0.14070356276178098,-0.3641398637080204,0.08311182435395054,0.13106916578538996,0.12317870806668765,0.03423302750511213,-0.05766775252558508,-0.3569239835631694,-0.35820785267969124,0.4902526906970145,-0.43475651572792967,0.3150192724472479,0.7819423199887062,0.9572943878229522,0.22084117812834786,-0.24449114630695354,0.6668012008908567,-0.15190934694798278,-0.002674725146006543,-0.11233523301006683,0.30689706224962116,-0.31247061199387843,-0.0731645544472452,0.17515151451311406,0.2357525802283816,-0.2236260298294271,0.012421885529395806,-0.18459428404744066,-0.15384288137463675,-0.2180235200349978,-0.27334094518317587,-0.4017245656253798,-0.043126823420050586,-0.016559996987878675,0.26946156757444856,-0.006862022809503038,0.6170340778173415,-0.22329715175013726,0.573684826564116,-0.08539281258491836,-0.40098538482138385,0.686411503575448,-0.02621459598823547,-0.28788054522139184,-0.012112485072563923,-0.1323163081166812,-0.3175232030904768,0.2661790300534145,0.25825291932003647,0.4517532125435383,-0.030683520803109786,-0.21686738814969136,-0.2636638735096633,-0.1961583082450199,-0.30227279970832305,-0.2637021522656582,0.1818869467985632,-0.3337621666793585,-0.09083717497702881,-0.43337980479742205,-0.33794573194690625,-0.18473100509936685,0.020732056656433816,-0.12743980022787338,0.05817019796087826,0.1759602305541552,-0.06074582759739576,0.18632204140425052,-0.014152658418672883,-0.08645448965939645,-0.26496032153917864,-0.2541299602291503,0.6221241532283609,0.20083480271363946,-0.2644872169524242,-0.09288378066045175,-0.3375162057785802,0.3042005173236481,0.09675011315797216,-0.29135517883018847
8oz Filet Mignon,0.8486288899607585,1.0,-0.08924001799962925,-0.25007855990716993,-0.14867419632881548,0.14660867858208285,-0.051299286664490434,-0.013629214332036888,-0.05410353810768372,-0.25601576092504985,-0.14521747906789054,0.10906615754485063,-0.2579165076675893,-0.19458436959155934,-0.2074229910152961,-0.04312551538712372,-0.32574458393808,-0.18435187871291525,-0.2714488772907232,-0.1996804767894807,-0.22053147044970564,0.8580129356316275,-0.08172148666566824,-0.05983824928498897,-0.05532077936203178,-0.051146978739173676,-0.025919413943253887,-0.21074952141003886,-0.20351205219780505,-0.2360527467809986,-0.1498826961821859,-0.10249916060823547,-0.39133680894972944,-0.16306898985498622,-0.17877178949878686,-0.13003360154776014,-0.24110845091157537,0.8097509620731291,-0.06784232502532823,0.6605826052164842,-0.3195509623009738,-0.4022708895576226,-0.08184679687604482,-0.27578904126375664,-0.251055231078335,-0.15188610259096175,0.07047652250712923,-0.22208501317852314,-0.22991894953962433,-0.15243549715530563,-0.22589833601405518,0.7913237667123014,-0.1758814690573756,-0.16612457017924662,0.9511449039445639,0.9353869869976047,-0.09198348694335197,-0.2527292429757786,0.9429988758084283,-0.23955799147829096,0.07676630207657235,-0.1580902443063774,-0.10767158072416952,-0.19866028328896596,-0.18423232432143397,0.5820207894151123,-0.08001367267531292,-0.13922565698408076,-0.23941728056454048,-0.24616805551801263,-0.0514208126249582,-0.31879778731459796,-0.12989369942733667,-0.19236968663024143,0.05581765069228694,-0.15274843319858775,-0.1717361240368421,-0.2094883321772365,0.6202447563231263,-0.08100106844544439,0.8521886843359904,-0.29239024640256556,-0.22980948319916614,0.8483455036102086,-0.016150511314936597,-0.2321816052564898,-0.04915825464561034,-0.01909671854518332,-0.18759587871041097,-0.09403114474249842,0.02572785859138304,0.7911952213210939,0.029310990788033876,-0.2045031713639694,-0.2903128899702854,-0.07576446030513873,-0.22697876233526418,-0.2246654156551021,-0.1822762138282775,-0.11591355358348308,-0.08373162221190172,-0.20881691909591257,-0.17990847797247242,-0.18382498413177648,0.0594646019345163,-0.01942260290871751,-0.14276761885348704,-0.19262476952538227,-0.017893438973127306,-0.24495552859408143,0.08362145313176951,-0.2409092534071175,-0.27724081706760584,-0.16483206153716984,0.6959596373445834,0.0425605766743624,-0.07478475983907105,-0.23794297586747729,-0.07799739382556735,-0.16229132124872597,-0.06205070756633904,-0.2382148853756623
Acai Berry Bowl,-0.1514637676410168,-0.08924001799962925,1.0,-0.19629033908332383,-0.25083494598855854,0.15278069638615321,0.016578587432183486,-0.004718628979343859,-0.02297654324521371,-0.22101779173845376,-0.21426028114000584,0.12872514273310676,-0.25453562338574864,-0.15324537349636197,-0.14876179930043387,-0.02581714897809955,-0.1928012074260814,-0.08415086241676728,-0.276987757770976,-0.27218954551238944,-0.14238226826706643,-0.12717444018584587,-0.0364164480261891,-0.08246645417822285,-0.04769921212060869,-0.058876822959068556,-0.09660613321989013,-0.16420030122637178,-0.27829051660653603,-0.18748150164739305,-0.013458769448414263,-0.19434359425199443,-0.14936379235842262,0.904858221116781,-0.1456669483768151,0.9242231736050379,-0.28552524071814694,-0.20653819732001055,-0.1089803616795249,-0.22465821720046134,-0.2083512955337243,-0.2078331520975827,-0.056205405707180515,-0.14255439222664637,-0.25817972478644186,-0.22423822886018996,-0.03460103212156151,-0.17704091665296484,-0.23784067716586602,-0.08057972398636576,-0.06758515513937248,-0.14633431362784144,-0.11538259434798112,-0.2362466544136263,-0.1338505255138918,-0.10609610704246775,0.7287973802504716,-0.2189419490843201,-0.07872602054135287,-0.2283854249656109,0.04638832825255185,-0.21195468151123747,0.5013389947411319,-0.15072663229647443,-0.30492105784548335,-0.035571868060434775,0.719822637582871,0.9619931609772743,-0.26741716020907225,-0.11240334693812566,-0.01923606218221578,-0.25456305992228984,-0.03624803817493306,-0.10382406896280315,0.004197069199788541,-0.2704812261058234,-0.2504970469655262,-0.26041949816026566,-0.2557794883222504,-0.06152471379786332,-0.16530558533218337,-0.2671696086276365,-0.1909960821315417,-0.14443186544710357,-0.025140207111151777,-0.08605558359461613,-0.09144622171557565,-0.03234186737180466,-0.1336327196425909,-0.15374291922429215,-0.10296401711618926,-0.08152961098210512,-0.02558115323622253,-0.15858956983390363,-0.21880848019208837,0.9934366470708906,-0.15118955684745528,-0.11927343257056613,-0.24069920611521914,0.8581456882975845,-0.036019917941950766,-0.1027721494335049,-0.12143671403939149,0.8731632528008803,-0.05009090035685722,0.03669297071230837,-0.16459607710135793,-0.25139290587848623,-0.025113014097073328,-0.20277970142019022,0.05163312357251268,-0.2990193348142109,-0.2052724134558658,-0.15050352367982572,-0.2481440249023011,-0.056378091976138585,-0.07948064692076183,-0.19582491861180523,0.8683988229540782,0.21355006215904915,-0.11779004381246282,-0.15535289960260593
Almond Croissant,-0.4064699585455085,-0.25007855990716993,-0.19629033908332383,0.9999999999999999,-0.17053873685519783,-0.1353570292054752,-0.21172719904304593,-0.09387602405365406,-0.1033663505215278,0.9419758727717071,0.49402113195904745,-0.1745112971450048,-0.3228737340888769,-0.1388823642087292,0.9913851345666246,-0.22223637236000893,0.038594373266201826,0.9230333426873039,-0.2852314774946364,-0.13014885960490657,0.9525093598138901,-0.02313503370314803,-0.1508881902569674,-0.27768191419784394,-0.08358390656708986,-0.19068771969546244,-0.24548984632550344,0.27745080906031006,0.7713003880299371,0.3280314647481303,0.03556448621889796,-0.28722813113214324,0.0003078184198018752,0.07776996063112246,0.8815993954648058,0.04743002275051851,-0.10186407051091512,-0.06829205051788532,-0.1754296174703075,0.013965048546733088,-0.17251217815720504,0.09530796730996258,-0.053955821871370636,0.1580610818582484,0.5030720949091106,0.4996279122457545,-0.160281270435006,-0.22692735551395993,-0.0492173556838418,0.8893502460334859,-0.22943783792806804,-0.02302962885997085,0.369518844820832,-0.16982947459653883,-0.22963850779456227,-0.4147057303784946,-0.419090672444388,-0.050269215276337084,-0.04450177936607157,-0.06936142299482884,-0.020784729162415416,0.008128909839011433,-0.3632896746740879,0.8657130628078182,0.1035784478428386,0.3205828001467011,-0.43045102854797584,-0.03832474644827069,-0.1130601701990825,0.2636288517445237,0.10896142460851176,0.028229453423351536,-0.2993943454843077,0.9198269618663011,0.057539932443809505,-0.12137823417850108,-0.29493758848024615,-0.03666876526449196,0.004523069725744414,0.6753788869738241,-0.03735715037414512,0.11712700845829885,0.9476517662949131,0.04079837758267625,0.03178412503968321,-0.29900742455716867,-0.21684800446645092,-0.1847120324554255,0.20634851660952805,-0.33435524617406065,-0.20101319308119173,0.14145059501006102,0.08810479829435834,-0.294486753470164,-0.005392328661327966,-0.1387074534218556,-0.17593775839915593,-0.24607485454223638,-0.28535081104175586,0.1257175942861668,-0.18940931740601136,0.3169570189665133,0.35471657438752824,0.012341143330447477,-0.05747783182950362,-0.09403571157308524,-0.2532131335407136,-0.2615078941961564,-0.12907838374982408,-0.20339505532698782,-0.06251959441016257,0.13176005314660164,-0.09918106963102342,-0.10710965114407617,0.0009739279195749954,-0.14872461137347417,0.18026259105899103,0.30444374487109366,0.10220437572577391,-0.2333778258903123,-0.19173226513591216,-0.25632265470171434
Apple Pie,0.31048641466428534,-0.14867419632881548,-0.25083494598855854,-0.17053873685519783,0.9999999999999999,-0.3265674253493318,-0.14705434164831677,-0.28271838330632953,-0.4239071659457712,-0.05553098503116638,0.32341070722538023,-0.056019937940776934,0.5913265451850327,0.5576811847926171,-0.25928958421963644,-0.2513953251672057,0.33172972916362425,-0.41795512637042803,0.7447025989108764,0.7853845076398805,-0.31382377913567316,-0.22583898317156811,-0.3244081812407915,-0.1917419232191254,-0.37040078388937947,-0.02625203854240781,0.3540077851967057,0.6577395103533905,0.1994410718342845,0.03854061486612577,0.10276230965758316,0.5023160830165407,0.47628317249494717,-0.2588136638284501,-0.24341586969080992,-0.2748032747550022,0.41459010772578636,0.03563740141993953,0.08763098791788551,0.28724919861098436,0.7760268034865303,0.5747650566022979,-0.3257536786817912,-0.1532344632210381,0.4747723104967187,0.3495872743498739,-0.18626757854371198,0.6407375371804792,0.48245577148990976,-0.26509387549239893,-0.18372008210131277,-0.19244885743048804,-0.3085137478366559,0.860431309204149,-0.06724229583650901,0.07487178160550981,0.35941178918793804,0.13526280030366916,-0.299121479774715,0.270203415684032,-0.029662768488825424,0.016170683237699622,0.639031695674437,-0.26799864024865716,0.6257331166528356,-0.4158429944132059,0.3606573901805848,-0.18684510735168455,0.6505853819546076,0.4668477479907061,-0.3645897036167805,0.5566011715805137,-0.2863830984792986,-0.1911260838395979,-0.3897586536679802,0.38167515646752953,0.6957037890523446,0.5185579617781114,0.37907119091452757,-0.37479922636357804,-0.1751161260484394,0.7550461544289545,-0.275851425409195,0.0023526782171274276,-0.24706035808281837,-0.044387929467842924,0.15142692223171483,-0.3543490136598074,-0.241078369989679,0.37775454013526605,0.15715037166845328,-0.3390110817786891,-0.30367985375891804,-0.01256376685247491,0.191958777279016,-0.3391781666738417,-0.11905656624195989,-0.0789268058862598,0.6368757713964743,-0.3230936001924241,-0.2671120567315577,-0.3298481324362033,-0.10273551380108312,0.042874070041433524,-0.2600645059302179,-0.11804096057995968,0.2516393089837927,0.695819816517981,-0.3503776770523656,0.94506076260593,-0.38153863326561605,0.6886467620646594,0.21059866949427797,-0.07359629464047718,0.25643293511394954,-0.0017391725731114062,-0.4308995303013117,0.6710533993348247,-0.4326498071435054,0.8270249699080834,-0.006856556632734587,-0.08592165946944556
Avocado Toast,0.09675593523738066,0.14660867858208285,0.15278069638615321,-0.1353570292054752,-0.3265674253493318,1.0,0.331420375582981,-0.13590691220317283,0.055748512698729144,0.052296340867507896,0.16795847188738328,0.9196875518868733,-0.04573231168248481,-0.12197160743455114,-0.02751604152081577,0.11957172107318753,-0.21209337175474235,-0.03278601997897801,-0.164570173059848,-0.3319663777345073,0.004068913057677925,0.042792709709131106,0.031274009876546674,0.09130288654990357,-0.01522205146123208,0.18797162813758736,-0.1437304810014912,-0.5599228465409358,0.056073796200590276,-0.4259930093989147,-0.2117035030858633,-0.18726317486289137,-0.25517823052729316,-0.0952546999666675,0.2681931509412014,-0.06919888597095825,-0.26367094667915764,-0.03737318931639258,0.11654202669805672,-0.2215603904345753,-0.23325686942894502,-0.3564490509814063,-0.003948340615538275,-0.2362146575264507,0.05618627374846885,0.12181367011107477,-0.1254097934681737,-0.1551889420266146,-0.28425319771207536,0.2219430100122558,0.2858502207252558,0.04508809380751227,-0.301170500649046,-0.2758813438980933,0.15667699749393074,0.21591410721627163,0.08128265473751155,-0.17204959045077622,0.03324926845627277,-0.21661510206269854,-0.20243485408941897,-0.2221231717459875,-0.04669721137330024,0.3427529104458248,-0.45657080408764317,-0.19599584155846964,0.10031282131424624,-0.03351833708486175,-0.23110127045133994,-0.4961546550626359,-0.2888503795438563,-0.3213599596904745,0.31668537095841653,-0.02959433778783288,-0.21408463673562295,-0.24941897644297373,-0.1383005656972454,-0.35532712205556544,-0.21225950608476546,0.4384113082482265,0.03813834942273424,-0.4681135449867333,0.17404440879196686,-0.18880774204752973,-0.2570078101433585,0.2933621957313838,0.17262362200267134,0.06235592825167116,-0.24542123690039186,-0.02921589638689115,-0.2176687167458474,-0.10259899585196555,-0.28405134119154213,0.14073086083259514,-0.23446221255453067,0.14532204864806386,0.008183374853005174,0.09769933287855816,-0.18977492200460547,-0.08184050245798276,0.13879386931553064,-0.2639183459879042,-0.3753108172943358,-0.17465595828334313,-0.17342607701048302,0.0413107651526467,-0.15900422039665468,-0.18812034157889607,0.053121617966848514,-0.34870106050079275,-0.06542866492440408,-0.4336330589276831,-0.05871468011806853,-0.0325773396207597,-0.18362850159610195,-0.1950804281895374,-0.17318818444985984,-0.6092548574078329,-0.017502072963508794,-0.22036525342751254,-0.04582890372351224,0.1522010859896793
Bacon Double Burger,-0.1368735867266353,-0.051299286664490434,0.016578587432183486,-0.21172719904304593,-0.14705434164831677,0.331420375582981,1.0,0.010698258882600932,0.028074402776428357,-0.2370615961536634,-0.30429356086051906,0.12955837537926704,-0.250265294644988,0.7043552655589222,-0.18069413525056108,-0.06819610498506751,-0.26572372584329873,-0.046295794173003654,-0.3068486903574276,-0.3660410477902068,-0.04913461192212998,-0.06881088965783135,0.04428909490102716,-0.0015134823470790565,-0.007199130004089234,0.9591222885515468,-0.16567312636520282,-0.10187838894536472,-0.32979437275974577,-0.1755496285793321,0.7388275931669266,-0.2686442014179275,0.5190327444690624,-0.06739691277506411,-0.15840990509012157,-0.07340331287080801,-0.298129991713148,-0.18356768141362295,0.9180462755159737,-0.2965145943755763,0.2713000230811617,0.4240481932242126,-0.018289131334755057,-0.15162373281733163,-0.3306351627784099,-0.301601521699969,-0.027211075843678725,0.27716267884391216,-0.2878068268592246,0.004466968585716324,-0.006502742573194772,-0.11887261511338716,-0.07998357256617591,-0.32987692954297004,-0.11475363299784806,-0.07451142777993452,-0.1630132771361328,-0.17093447706054624,-0.013293095232482293,-0.21887960291739908,-0.22905330748675617,-0.20043075328383417,-0.2404438736124824,-0.043327662628997815,0.20470515107269494,-0.012299542059761007,-0.16698013786700602,-0.10190552526100743,-0.3173471777765048,0.35692785890774575,0.007505496488206087,0.4281600092779837,0.02291286210671861,-0.12443610306688002,0.032502600711772314,-0.2939620728904481,-0.3080747072526001,-0.30006180630625495,-0.25362204553500295,-0.16162048551063904,-0.06788976892482707,0.19588774981876,-0.056906312331026,-0.16734036881851852,0.019651836453468068,-0.0544021710567314,0.9474949094542204,0.028818888439602952,-0.09061161275785881,-0.16598568247107517,-0.09463014275416512,0.034457104305887616,0.012101642418385156,-0.11562205112217139,-0.21894748958485835,0.023812468595177876,-0.1299060551928496,-0.1327481622046774,-0.30348033999703716,-0.05413926155640218,-0.014541657343112108,-0.06079025913719319,-0.16297182759895742,-0.16580702999287295,0.012579624157697367,0.8822717740882804,-0.20543215811840576,-0.33201423227591403,0.005398609675005585,-0.020043210399131636,0.07955977304658793,0.25065546226932167,-0.2064859490260423,-0.1489819185484358,-0.24788321674834307,-0.0579084667552149,-0.03817538778952477,-0.09600795885116743,0.039792504721577755,-0.33283618270223386,-0.05920072895263425,-0.03590040085925015
Beef Lasagna,-0.01342769358142942,-0.013629214332036888,-0.004718628979343859,-0.09387602405365406,-0.28271838330632953,-0.13590691220317283,0.010698258882600932,0.9999999999999998,-0.08329727634257626,-0.08896662243417253,0.05591342457463555,-0.09629167318845036,0.0716670192412898,-0.13768634690099457,-0.07576395340199656,-0.03697211603423149,-0.15664390777679027,-0.1367238740338474,0.08249366332099597,-0.3536514709669845,-0.18055316970147833,-0.2586370704177256,-0.031915718179774274,-0.06916462290464709,-0.053542725400256064,0.014671671093206183,0.15894362766882092,-0.40458838808421904,-0.025176642673321634,-0.43331347831241335,-0.049193359110375645,-0.13794998923305601,-0.33987677729623633,-0.12030074368539506,-0.05465628411862067,-0.11820677269110277,-0.41774939071201933,-0.3294286452427409,0.00013695797394935177,-0.3706355521197653,-0.3009217452476136,-0.3886597773920967,-0.0001232793988887506,-0.23478208729720174,-0.020028296288086375,0.04249224783640432,0.9876648591648801,-0.23773206286553603,0.11491194349395317,-0.24045350976351448,0.04805434808177608,-0.30224466953114426,-0.2785391246504612,-0.21240375778046625,-0.20366698638519143,0.013018983656971649,-0.0010280101231333882,-0.43609508270059893,-0.026376727380653775,-0.4479253530851535,-0.014377533316585308,-0.2176437086858056,-0.0997756448829946,-0.07128016943126829,-0.4029492797082035,-0.109015335039952,-0.005564558488889967,-0.095764506912633,-0.11660613943007556,-0.28319294222714153,0.9478873399759189,-0.40502689695770894,0.28098998405163716,-0.24988994932029623,0.9677673570798354,-0.4234656691249191,-0.22552941343142166,-0.44246239549427246,-0.37460923706415106,0.004170160025991673,-0.27622579026522665,-0.40216996596716614,-0.10418054225704462,-0.1316042944947875,0.9759293480079322,-0.03187141829356167,-0.09414034576377357,-0.02476381612426247,-0.16586318704160155,-0.012487975641618201,0.8812448206439001,-0.056974310362680615,0.9575169059574518,0.29548602075858754,-0.4547788845286222,-0.005535388409482255,0.4222412937726107,0.3826521111181603,-0.2670125677980809,-0.15214619426337403,-0.06517269272480498,-0.2053010282470918,-0.3511318788429441,-0.17688033123548166,0.9702242586464175,0.07769321616465133,-0.11194393581422254,-0.33508021864878174,0.04794269952530207,-0.22422943576254356,0.23196272656216757,-0.3989402432307108,-0.002327054978867876,-0.41242669776287094,-0.3620050301011862,0.9386545849545109,-0.03352543528636931,-0.3882447649690419,-0.09070145981944885,-0.1627038365278543,0.06759821999209094,0.3086001726898117
Beef Tacos (3pc),-0.2422914835083389,-0.05410353810768372,-0.02297654324521371,-0.1033663505215278,-0.4239071659457712,0.055748512698729144,0.028074402776428357,-0.08329727634257626,1.0,-0.1250747800441028,-0.25117339454977555,-0.04897261621080441,-0.3585835445936672,-0.3048220374442871,-0.07645803551953971,-0.02966326610362808,-0.2537889484761231,-0.0022530913173944983,-0.3572757536727801,0.052796309983648884,-0.04146738373082866,-0.05129116872335729,0.9826361599595498,0.9460666043051537,0.9919724465967825,-0.028489431817810718,-0.2947880252846711,-0.4212828554654173,-0.22731619679756218,0.41176919057268807,-0.10002589408425379,0.46978260071571,-0.2503531962477487,-0.052049664638349744,-0.049354075431412535,-0.043015331167642695,0.5248971967732778,-0.172161742658664,-0.06011637611624682,-0.2929052457316734,-0.27760066636240394,-0.2984903771698353,-0.05872211262032162,-0.1271484250021157,-0.29483884125913823,-0.22413003661584094,-0.1079047684744206,-0.2562317636887427,-0.3737553532517767,-0.10115814832926293,0.0364001361637747,-0.07666887462932635,-0.061997405239050785,-0.426946184973438,-0.08260273265931949,-0.10646020274876355,-0.21768915094288457,0.7307939097779296,-0.045862108614499776,0.6260210630968082,0.0763725146810069,-0.1838111656505254,-0.34593151323232735,-0.05220549877398181,-0.3101347598102604,-0.008805402994761003,-0.21302650240520998,-0.06931399950059343,-0.3684902480519302,-0.3046650522828167,-0.05331532207773776,-0.20649877410698392,0.0483561760679529,-0.1218199253262433,-0.06915622729871033,0.5851197409187243,-0.3700499678713402,0.395628402223212,-0.316824322609673,0.05396589546419614,-0.08058681404182809,-0.42839962030696993,-0.05832382339812714,-0.18776110703359936,-0.12697988960325682,0.028879253598619835,-0.09727808166981,0.9810880935598509,-0.1259785097784217,-0.2987396123393946,-0.24623251797564685,-0.06087300506245053,-0.10260993306865088,-0.07132784031977833,0.6679296154337572,0.009712757603591804,-0.032808415397097695,-0.0739672192808024,0.35446273926851546,-0.03958652004838845,-0.024952261921119424,-0.06920763406013164,-0.16421957908426982,-0.20578628504363647,-0.13848782130460846,0.021907074515638593,0.7144254500629269,0.27168633883811333,0.012336858501663687,-0.38120885420535505,0.8274261570723523,-0.4011413158598101,-0.2090378386974144,0.8461818283536354,-0.28366305319461055,-0.17053904545919585,-0.029649091322158476,-0.40294089221256385,0.017370331427618502,-0.3917489268130277,-0.16755969074610622,-0.04992006099836743
Black Tea,-0.29310043471502883,-0.25601576092504985,-0.22101779173845376,0.9419758727717071,-0.05553098503116638,0.052296340867507896,-0.2370615961536634,-0.08896662243417253,-0.1250747800441028,0.9999999999999998,0.7406579492726256,0.10554453128888786,-0.2482076280253438,-0.12948138462088962,0.9460405759262123,-0.2121876757701514,-0.06361712876016513,0.7832115174219386,-0.17869996947355044,-0.06099959584065589,0.849822646994258,-0.15286905630046282,-0.1419924631061142,-0.2208111642977798,-0.10226482434780383,-0.200656523114865,-0.12587449641738468,0.1510428466741382,0.927239926372375,0.12793989308174838,-0.04635003954870731,-0.14126906021629335,-0.05117870939898178,-0.06067325811583603,0.9628276641162348,-0.0794942134259912,-0.09886566598634099,-0.17446109472332333,-0.17068235053225525,-0.09022519276927204,-0.08329166526741316,0.010993500152768065,-0.1179565755251159,-0.004600171808236755,0.7284162045969274,0.7400899431650114,-0.12312098814333208,-0.12379301507583626,-0.10069567339747605,0.8457589603461113,-0.2588098207982944,-0.15855520898105588,0.11944505579267897,-0.05917349103893918,-0.25546820302244905,-0.3164929869685471,-0.27585881575813426,-0.08814350118318852,-0.14790352571331228,-0.09321063329654722,0.011021414320120715,-0.07861306098448796,-0.2153905264116407,0.9437725971024704,0.04614009987397244,0.07645074971732875,-0.28076134762443117,-0.12096933117730194,-0.1156438900469885,0.10715974374102222,0.022956367971074004,-0.028764290932408565,-0.3142408769426093,0.8112079975341306,0.000740562253095739,-0.10994045288902944,-0.17024057812161997,-0.042942734778224315,-0.07936738005945944,0.8065639986398226,-0.16489189239361957,0.05516875754636427,0.9526321433507555,-0.07913086808722197,-0.0020709804091328943,-0.29357958160004705,-0.21931749937499406,-0.16698544797764667,0.02377763108569947,-0.2113329552130684,-0.11660628187032795,-0.04344916769782868,0.029326913620169565,-0.2900305532416454,-0.053287284378555066,-0.19165915864180733,-0.23331875389463555,-0.25733022580036086,-0.15126620430835325,-0.040909866501128,-0.19057853484302617,0.08780827208842695,0.11887974915975522,-0.07893722512154286,-0.09538457798343859,-0.14113031951467464,-0.1591375780022405,-0.13378636625829987,-0.15452481563484916,-0.08599635081435758,-0.05537538078842103,0.03865302256252956,-0.1635498175938761,-0.14029414842088628,-0.10171181810131845,-0.0807655550469889,0.017983666770480668,0.17968677813323983,-0.06616807437860456,-0.10457218080045998,-0.16033103240788654,-0.2786346924467124
Blueberry Muffin,0.1280496670865763,-0.14521747906789054,-0.21426028114000584,0.49402113195904745,0.32341070722538023,0.16795847188738328,-0.30429356086051906,0.05591342457463555,-0.25117339454977555,0.7406579492726256,1.0000000000000002,0.4446122916294784,0.013223329671759945,-0.017161255855028812,0.49534551374156083,-0.1224333925807717,-0.2525216438120468,0.1689117073027486,0.17136073115476957,0.169866670582402,0.284945334129738,-0.3652176412901196,-0.17746460636652595,-0.1373980124135814,-0.20308733616540642,-0.20308001673343626,0.307602670356809,-0.028821918341722888,0.9316318036195811,-0.33511336006383563,-0.1621483939563375,0.2403097796419,-0.11706761814705624,-0.3117365317770743,0.7049450510852222,-0.30380898199755274,-0.08731817747273161,-0.30124343459780833,-0.1327801246962335,-0.1852721530981642,0.18298935557830942,-0.11892763214889082,-0.18605085840231872,-0.30422794349309906,0.9704197911938581,0.9970059058896772,0.11071582031343552,0.1702560219364732,-0.10148204899026886,0.36325950710825494,-0.37487304668860855,-0.3932792408492973,-0.41247899793818943,0.32128826238647196,-0.2167080293036287,0.03337340234874956,0.16750837571678212,-0.21629374580999114,-0.267334466185448,-0.1588609367821815,0.10705117156639321,-0.162291372947431,0.252738877223157,0.6659971943226078,-0.002445745195772564,-0.4112094091040304,0.17309635140918891,-0.23366500678698496,-0.03004984094382962,-0.14395869717684334,-0.04246453072901819,-0.10499290556150867,-0.36524896734783235,0.26352102334246036,0.0003784561161494504,-0.07553516306764553,0.23808817164709037,-0.01975248241852219,-0.13729264663383395,0.6632528004996378,-0.3645003253967409,0.012609234887008436,0.5486037956104173,-0.1959622732341598,0.06585585573648028,-0.325041139103253,-0.1906462677477194,-0.176725059786056,-0.31204869533362894,0.20443784061348136,0.2570396351250348,-0.35564412698978104,0.03684409460145778,-0.2528972764548306,-0.19619052387626434,-0.25961403449164333,-0.3126721233065919,-0.24993583764280863,0.19659354881450125,-0.36824354192971626,-0.1432458645690067,-0.3873715616373432,-0.3494893289292806,-0.18175037151240983,-0.030892398247206673,-0.20525392140047602,0.0762409551546715,0.1917897911045156,-0.13629155613032834,0.3029963674874654,-0.04063251001254299,-0.07837110456423857,-0.27660941472734396,-0.28650347882333527,-0.20075548215144018,0.23529432990782084,-0.2804024086272769,-0.001171824869907273,-0.40443628524372105,0.3191798770611415,0.03678392851520838,-0.311131251551355
Breakfast Sandwich (Egg & Cheese),0.24193493021503207,0.10906615754485063,0.12872514273310676,-0.1745112971450048,-0.056019937940776934,0.9196875518868733,0.12955837537926704,-0.09629167318845036,-0.04897261621080441,0.10554453128888786,0.4446122916294784,0.9999999999999998,0.08653367322226825,-0.11188114638854949,-0.08485693883430728,0.11673661240104644,-0.26012410489844817,-0.21700429036246083,0.047078610368755276,-0.13029685591243592,-0.1446016440595964,-0.12448604121142177,-0.027243694667345282,0.08078786181936246,-0.09283131331426664,0.05087862570575097,0.08899009032015007,-0.529040431282256,0.2444834140247601,-0.5744502403816845,-0.3022193803337369,0.042678049991345654,-0.2753279534161662,-0.18955896752704726,0.27958501399438074,-0.15522228739101232,-0.20182940692997964,-0.13829067721412203,0.021001371431741883,-0.2511319222813138,-0.06293995102245725,-0.3816068572165447,-0.06886361386271231,-0.3515062318237144,0.3424626032202275,0.40264286886877043,-0.043878864467733605,0.009480348934716498,-0.24068021214375857,0.08685042340826488,0.15130534308297514,-0.12694296020571905,-0.5201214139766525,-0.00701051946371703,0.09432069099976849,0.29492166433603617,0.30629461445312905,-0.20733174191275905,-0.0993333654481069,-0.2098413644150048,-0.09019705650474422,-0.23699135660195325,0.22430516623617286,0.3203756646818893,-0.40565146347378633,-0.4458515111487812,0.32759346867616856,-0.06730764555471995,-0.13707620898855466,-0.5610452416825283,-0.3235034924501965,-0.3300746317250045,0.18898180452989366,-0.1622477516423655,-0.23223952376108642,-0.18266432053235593,0.10596418898087132,-0.2666997845043782,-0.2229195143003006,0.4623900161118345,-0.12440600901390067,-0.4091057204850568,0.10810041442196827,-0.2601921251947164,-0.23013400390274097,0.20558481404764578,0.05484883219213979,0.008390537395605371,-0.3870761725198805,0.17315272253410335,-0.03641388680488286,-0.3037617408164216,-0.2819390940554154,0.10008790253471139,-0.2571496341399405,0.08430685918695158,-0.07485074727243528,0.05158036751904986,0.03224010878266574,-0.2199778046530262,0.11106563257364628,-0.46659446305251595,-0.5405155173260691,-0.16887761505855448,-0.1769156672895997,-0.09383836898148831,-0.022469045557193673,0.03123625865993649,0.016621532043154648,-0.07960158231595582,-0.08721497919882246,-0.43189822211694007,-0.11356643970570655,-0.10837062866580971,-0.22806498357402227,-0.047444378940424276,-0.31728290255114805,-0.5664428780232728,-0.18664969559231553,0.07185020031922885,0.031418183045289705,0.06673593377045371
Bruschetta,0.047396421659497374,-0.2579165076675893,-0.25453562338574864,-0.3228737340888769,0.5913265451850327,-0.04573231168248481,-0.250265294644988,0.0716670192412898,-0.3585835445936672,-0.2482076280253438,0.013223329671759945,0.08653367322226825,1.0000000000000002,0.11687915776023805,-0.3671850117580342,-0.13828569250605635,0.7886407536782739,-0.39692023949130906,0.9584961576169355,0.5705339819160434,-0.34601167045791115,-0.21578022754969778,-0.3267447897113229,-0.16977350616838854,-0.36412548518347626,-0.28394971860614154,0.0856433706327835,0.3436774912395016,-0.08309992826192816,0.03443502042711276,-0.3399524687229066,0.20941142248584385,0.12667459846788595,-0.27500051964318106,-0.32642122938020085,-0.2982426408058866,0.37640333728217096,0.024875775607085295,-0.23901021591132118,0.16187514568372025,0.3240732278470772,0.22964949383975097,-0.22568580932995078,0.007255192727771347,0.14070330018677332,-0.0053877967908956825,0.11983420152953982,0.23076459459936208,0.8803400525679235,-0.2878510834015847,0.5725633793543533,-0.0985933303038545,-0.1728201887952005,0.6008814511607559,-0.09463897876685572,-0.09432358448027964,0.15309628586343843,0.14450244353773253,-0.37834679606359145,0.22037404470920674,-0.20750449520507463,0.04229232518245607,0.3661242677233959,-0.33263976910005916,0.17657487399525207,-0.41574147447886406,0.16173513413274587,-0.2334665200784385,0.9250368982697761,0.046060942267177704,-0.02601047538497306,0.18130697324026657,0.5273596076604872,-0.2240633039744223,-0.09444523988688713,0.28008358483492457,0.5534168922315414,0.3219006276965973,0.22471343086581597,-0.3554599095370444,-0.16330161406998597,0.3357951548247447,-0.3426094331158168,-0.17833667071264342,0.007829844898363403,0.6644215851559886,-0.15501617959862005,-0.35383124903825575,-0.1254002879196099,0.24986721718517313,0.29562572457366637,-0.4053240703613616,-0.06291981957552699,0.7461762650713034,0.18381226553568167,-0.3148167294883972,0.6738292716666066,0.6973823865927884,0.4228946380953483,-0.2984423935505125,-0.14572349771152318,-0.17411794296834,-0.05114514018080384,-0.0876364981968936,0.14526052476284115,-0.4527349555849311,0.07950301774683373,0.5053032373621694,-0.2998971074810587,0.49499785067339896,-0.5542816814026215,0.34408029161702186,0.8275886345657287,0.03142606896906068,0.1437014470469408,0.14872710748386597,-0.3462647371595029,0.32306474816188124,-0.3853030424974981,0.5212864728981302,-0.07894420477166852,0.7025925004864091
Buffalo Wings (10pc),0.02302489255507332,-0.19458436959155934,-0.15324537349636197,-0.1388823642087292,0.5576811847926171,-0.12197160743455114,0.7043552655589222,-0.13768634690099457,-0.3048220374442871,-0.12948138462088962,-0.017161255855028812,-0.11188114638854949,0.11687915776023805,0.9999999999999998,-0.18897847255246195,-0.29649727641721785,0.008510553664483583,-0.18391730705718726,0.20075265768144526,0.22317587069963202,-0.12117495789383137,-0.2236720985225888,-0.2219937168337347,-0.2081205653330674,-0.28184258753251024,0.7700210277265919,0.09252623774715128,0.4875385438254467,-0.06692196135377126,-0.026091024054023606,0.7627141890002527,0.07462380106062841,0.7966057684383618,-0.1545809705010915,-0.23217224499087702,-0.1800398220235102,0.00953619881571384,-0.14616317030934267,0.8209673638134656,-0.028590370482403753,0.7455344696698776,0.8145199874856075,-0.2485417599709979,-0.19048874267938287,0.08075212210759244,0.012238539428611361,-0.1182978809184528,0.635100394030961,0.10630004524512654,-0.08267205886784446,-0.24399667948764614,-0.2519805756415651,-0.18394299993312796,0.3026104685956651,-0.20814203440161236,-0.10505425389033883,0.06590609757156347,-0.07379448689158294,-0.20781516952021514,-0.01531016864003433,-0.21893918844504245,-0.1444532675130749,0.2056660183299544,-0.16008296859621668,0.6617655138092554,-0.19244379999091688,0.05728917295347023,-0.16152728988229728,0.16235653476027628,0.7607307478724917,-0.136905895752083,0.7798134326965451,-0.291339417072529,-0.0991771326269626,-0.14981572846489394,-0.011733591102989993,0.1574010153006567,0.11517931616105179,0.06751717631021566,-0.38868219377274144,-0.19092230805598467,0.7587094604276006,-0.13799322875627268,-0.08999490334774131,-0.060818344934866715,-0.20809277851969787,0.8795849057174133,-0.2663880450206064,-0.1778848202989096,0.057721967907448775,0.06265297790875293,-0.13890358118443275,-0.09203063572264561,-0.2026892245738461,-0.06010720596195724,-0.19663931082260785,-0.23644260403520975,-0.2428219481429894,0.1262014106239701,-0.18345440583078587,-0.2584273873692101,-0.19248164270030976,-0.10427218996137827,-0.03370682027621001,-0.10706095450843875,0.6863027277107447,-0.04031243934799313,0.14072690265424107,-0.26336125820696793,0.6269542120631146,-0.1720873368509646,0.7610134296575047,-0.07206123984137294,-0.23026121866054558,-0.016708261925033947,-0.005051863612626509,-0.2709351574575969,0.5089154693861923,-0.18615026210779828,0.2847143909121387,-0.07811138084738123,-0.17571451704747382
Butter Croissant,-0.3980665013142392,-0.2074229910152961,-0.14876179930043387,0.9913851345666246,-0.25928958421963644,-0.02751604152081577,-0.18069413525056108,-0.07576395340199656,-0.07645803551953971,0.9460405759262123,0.49534551374156083,-0.08485693883430728,-0.3671850117580342,-0.18897847255246195,1.0,-0.22285435920282343,-0.010306672990114452,0.9368952287734285,-0.348170075919899,-0.21662639206257192,0.9608606423793795,0.006684314095353194,-0.13299749180551265,-0.26223978838039735,-0.06675870978264009,-0.17603971235303784,-0.29686494497795446,0.1781598708842969,0.7650942165604104,0.26939233426126935,0.014455718480437418,-0.3371364274927719,-0.05705730619146468,0.09828456863544136,0.9197364887802479,0.07310014102078244,-0.16167861803510059,-0.0636754847865995,-0.1718863385546849,-0.01686147738424793,-0.2383210632178258,0.018603905300223295,-0.06662101126403197,0.10818757040927239,0.47921234302090593,0.49459490152557656,-0.14399928904483755,-0.27210273941911245,-0.10733601683215424,0.9158295373940795,-0.19550461798169844,0.003118883971730376,0.3295790115434678,-0.2607786461679784,-0.19286396404875322,-0.3772249443851997,-0.41454720313688076,-0.08865118511741861,-0.007609292957593106,-0.12146751956666788,-0.012414153581158632,-0.049920011675055886,-0.3919867777673989,0.90737736378811,0.02623368698334755,0.33333098934035343,-0.4242592270409124,-0.013567966893309844,-0.17912549288049268,0.18183479796603166,0.11526953768803026,-0.038617973684462015,-0.2507545668222862,0.918335422080747,0.0755744143532057,-0.17586195070207994,-0.3710424570476121,-0.11326211668073105,-0.03108848849318016,0.7440904673883291,-0.013500721645457157,0.02254347819750946,0.9723883051338852,0.03699100570452489,0.035370115928629875,-0.27309715363150416,-0.21740107088722357,-0.1611857398900276,0.16164077913084435,-0.38384311036065644,-0.21633778820133046,0.1624281830529399,0.09355912300625437,-0.278493710911526,-0.05345896903190098,-0.08767329818020492,-0.16617922903313187,-0.22825822294678036,-0.3467562117566727,0.14917617214191778,-0.1906259420432621,0.27864272974406284,0.2946033216508757,0.0080799849958329,-0.04339351773807203,-0.07913965239088619,-0.2874677031138326,-0.3264736343489004,-0.130768231479337,-0.2866806740693147,-0.04167481097471211,0.042361206397069584,-0.12210582029449676,-0.1162712414386785,-0.02365941671478994,-0.15091559199260673,0.15908587271370833,0.20292023424404348,0.13827924011272813,-0.2964862739237567,-0.22472462071237154,-0.23805209469593452
California Roll,-0.03830540406514403,-0.04312551538712372,-0.02581714897809955,-0.22223637236000893,-0.2513953251672057,0.11957172107318753,-0.06819610498506751,-0.03697211603423149,-0.02966326610362808,-0.2121876757701514,-0.1224333925807717,0.11673661240104644,-0.13828569250605635,-0.29649727641721785,-0.22285435920282343,1.0000000000000002,-0.2579340717533393,-0.215316137824522,-0.19535859846221176,-0.2770684041975472,-0.23227424609060154,-0.11652178395548504,-0.038068048126274415,-0.019380427277747473,-0.044313384706079526,-0.03930013688134001,0.6007017443873398,-0.3841307067952026,-0.19507731486453045,-0.3046438906752812,-0.18029416629894862,-0.13271298482711,-0.15490579299659987,-0.13852674455987463,-0.16497624053219873,-0.11094957279478175,-0.28098146213846437,-0.17381303894517294,-0.0929871827836532,-0.2595703546880823,-0.1617954366541474,-0.2748561478443957,0.9550047640980712,0.7231597873310056,-0.16164739366118397,-0.14223047819407003,-0.06937325727052238,-0.05370818669251661,-0.3720465369171632,-0.2891473773895439,0.029209171920187987,-0.1159136285877114,0.45749518914683895,0.08762357443205146,-0.10368747160313406,-0.011837100940413537,-0.04568712408211987,-0.20297084565888956,-0.08594721635281549,-0.2091856018085618,0.1276805998678484,0.8313884753879089,-0.15120163813750948,-0.14745939213531034,-0.2552688819853618,-0.20328583492769353,-0.04030653421760015,-0.0983158211505175,-0.30660820169382463,-0.4281735737082641,-0.13915661120208794,-0.2642665435344196,0.01771983471771679,-0.31647884631833023,-0.09595199904876038,-0.2750980340184384,0.45025381165849593,-0.29070681987467484,-0.33269794952224363,-0.02630131578443491,-0.11083959613381861,-0.3099389944328542,-0.18569612316224776,-0.23958073880795253,-0.118647908223842,0.020278708203695452,-0.12874471218506606,0.017815173993430616,0.7097896286688281,0.7290248595590156,-0.133274479068229,-0.16851973683415514,-0.14072842842908936,-0.06844461131437105,-0.21854597990852573,-0.01768328600513752,-0.14650111412701225,-0.07132277382731461,-0.1823924016659091,-0.14297054118765262,0.9952583038356441,0.5674418370346382,0.3901617343851795,-0.19127549237370084,-0.1766019201991612,-0.09290173012721248,-0.13501968612810547,-0.21363595288089987,0.9709079687255778,-0.20498980297589328,-0.07718603640431461,-0.3764879417892547,-0.19689973593019486,-0.11629150913823963,-0.26451990324464064,-0.10362790714766314,0.8042398296442489,-0.414557271068656,-0.11656561117517465,-0.22161138865248078,0.9026422264571631,-0.0683208918083332
Cannoli,-0.28394132274758954,-0.32574458393808,-0.1928012074260814,0.038594373266201826,0.33172972916362425,-0.21209337175474235,-0.26572372584329873,-0.15664390777679027,-0.2537889484761231,-0.06361712876016513,-0.2525216438120468,-0.26012410489844817,0.7886407536782739,0.008510553664483583,-0.010306672990114452,-0.2579340717533393,1.0000000000000002,0.11022795370496855,0.6761879691186442,0.44498583931460756,0.11330313680332746,0.02448043891061541,-0.307697530213238,-0.2477884882935316,-0.28157028612032275,-0.3464516082571028,-0.3235080942596565,0.5839205068600783,-0.12432746599499458,0.4993605266954581,-0.25070971226319905,-0.08590285063775303,0.21246215062430723,0.03180068854547132,-0.15858350858137849,-0.013216999067167275,0.4363808066933726,0.2100176962324469,-0.3276752855567378,0.3367114098754423,0.13585898741737057,0.3822744468083945,-0.21906454923551943,0.2600399200672615,-0.09763222216011976,-0.265699508472464,-0.17803253502106667,0.011684933894775106,0.9084617865055998,0.09733238716507736,0.6612657891526481,0.16805223901873542,0.2951061262448053,0.3137025198768014,-0.07283330915628149,-0.3723559304270719,-0.15755209278008075,0.3091168180756287,-0.2485106857815123,0.3369619620517416,-0.23803518626744893,0.10571333235105052,0.044991385961475845,-0.1614105201515215,0.285109326930461,0.041271758130435585,-0.15870960234402337,-0.04416028213496577,0.9015454024902546,0.30560186834716097,-0.062401958440507624,0.29175963738176525,0.5357176962164689,0.2435529878003221,-0.19140615728759866,0.32187550405243853,0.22189915175364883,0.37737242602655,0.3646284553487466,-0.2895595958593202,0.06490463474955623,0.43480372380501964,-0.049085081062126695,-0.017981092332363995,-0.14841447836289906,0.6932468763442107,-0.22954913133209306,-0.35791848406775045,0.1462149906951456,-0.13591476321825763,-0.10377739137073586,-0.10789599205707892,-0.1626048379701357,0.6915809307728956,0.36907040826690424,-0.1915641880145049,0.7108437924488918,0.6627950057405734,0.17480694672328168,0.0719783216025754,-0.23418683780063815,0.22748939050532516,0.38165454017032285,0.1113603515083241,-0.003232848845341604,-0.44611567117801815,-0.09997114508565325,0.2877694672747662,-0.37333993040017754,0.21984012049981105,-0.6000837844846959,0.5010331845627012,0.948387412205259,0.20571407342852632,0.3163617278936435,-0.21171302796421956,-0.1275438784194908,0.5657152268075005,-0.022372386062959118,0.23880418393891087,-0.3030116820834886,0.697362307262083
Cappuccino,-0.5059155611792734,-0.18435187871291525,-0.08415086241676728,0.9230333426873039,-0.41795512637042803,-0.03278601997897801,-0.046295794173003654,-0.1367238740338474,-0.0022530913173944983,0.7832115174219386,0.1689117073027486,-0.21700429036246083,-0.39692023949130906,-0.18391730705718726,0.9368952287734285,-0.215316137824522,0.11022795370496855,1.0000000000000002,-0.44811407517837065,-0.3126466979325842,0.9867289460263438,0.1533156223861833,-0.0971477996280603,-0.2534885627160284,-0.015721910495752736,-0.09441594707067776,-0.47979568362479597,0.21453628085580198,0.49972962403901183,0.43143588652193476,0.078703893664344,-0.4939564172430695,-0.004987496946004533,0.22743222503409397,0.7761860718032958,0.1946917805396589,-0.15043839968356287,0.051578384033292,-0.12116450336218887,0.05458959580516693,-0.3352297865060187,0.08328841520572097,-0.01685078066348937,0.23345968111765114,0.16396300580501783,0.1665542741154113,-0.23569231368446095,-0.37274934617028654,-0.06723667780013222,0.9225464181538882,-0.03988982952519317,0.1648278436213172,0.5265348385756398,-0.4217870560941224,-0.12901299292326435,-0.44388917284050594,-0.5369222104782259,-0.015808079178088165,0.08715389110335459,-0.07558046056010746,-0.09494199942877243,-0.006540342715158,-0.5415928045171436,0.7863690340586893,0.02763463755893733,0.5285369227959873,-0.549108749915488,0.06996466461862896,-0.17089024798531924,0.26720088690523974,0.11359340688676595,0.009209197036041727,-0.11207330796340573,0.951006143439517,0.05146308934562279,-0.17483547852049242,-0.5130352701578448,-0.1259377326044553,0.02419025230991172,0.5929703334608871,0.13267104880709304,0.027730578764742664,0.8997002743023579,0.10674274446479706,-0.019054382092661193,-0.14487815248253888,-0.1379457034454031,-0.13072218453712917,0.2935611922261983,-0.523260118419423,-0.373364181870938,0.3145225473065764,0.055595273909411894,-0.19341728876992392,0.014504356079042421,0.0018817208928445274,-0.05172338035763215,-0.14353409360902103,-0.4758834757330221,0.3101812054084295,-0.16610627128135674,0.45821605597856846,0.46316973594659633,0.07426959273605852,-0.060502244528187886,-0.001520129520499458,-0.3743518725131703,-0.4457563716361981,-0.11242886367108043,-0.4471081935564397,-0.06427802879433706,0.09256232028352476,-0.0032732974764801206,-0.01886065196291356,0.055197442963983205,-0.2950558432179161,0.2689173073485198,0.2269054827236398,0.3131330103995943,-0.4617546057804085,-0.2867484268076383,-0.12172822467193521
Caprese Salad,0.13212319662608443,-0.2714488772907232,-0.276987757770976,-0.2852314774946364,0.7447025989108764,-0.164570173059848,-0.3068486903574276,0.08249366332099597,-0.3572757536727801,-0.17869996947355044,0.17136073115476957,0.047078610368755276,0.9584961576169355,0.20075265768144526,-0.348170075919899,-0.19535859846221176,0.6761879691186442,-0.44811407517837065,1.0,0.7199861806291465,-0.37144878169420836,-0.31106317363791913,-0.28272606374577514,-0.12244325237894042,-0.32996098335545304,-0.30430562990125964,0.24282513301771524,0.4232039547903531,0.04635588082307676,0.03741234709615249,-0.319722686299672,0.40310657905960373,0.12645095587082364,-0.31104419241551534,-0.3052268546753857,-0.33638272065530417,0.44607401901119,-0.04149307376041582,-0.23508309639802588,0.16117823576978055,0.40851210528160115,0.2514841302850879,-0.2782055606273122,-0.07314695560704884,0.3181983717704294,0.16921894171395185,0.15257550454297852,0.2824037969992736,0.8427893536032764,-0.3136578534121244,0.33195814127624135,-0.21935496864483486,-0.27812476975146655,0.7560157377002562,-0.15374730171725304,-0.06333563317982822,0.25985948300949224,0.1763412666463076,-0.41759137325362955,0.2862826644120932,-0.22608062028535136,0.021430036646976264,0.5081072046488179,-0.3205704248040902,0.21562921833091175,-0.4904757572797521,0.2668037040595766,-0.24654896438482954,0.9065089841586698,0.12244165873267654,-0.023497739445123175,0.19579178651349807,0.2929751982851764,-0.23980948580855257,-0.0862521892260222,0.36686818561460205,0.6523471465577,0.445559325640732,0.2402689074578645,-0.37824542891759183,-0.25417708701121416,0.405089261218276,-0.3420483322208584,-0.16311517272495343,0.04739517914676933,0.445612181679099,-0.1503922889608047,-0.3147037598070991,-0.19306750141540716,0.34075043735262645,0.40193421688822045,-0.4551837087257451,-0.028707157436578885,0.5608818175065395,0.22327308045142497,-0.35328367484374695,0.49676733755934704,0.5128065581827793,0.5829217308700742,-0.35667179254555353,-0.20937315705326276,-0.2716486750631105,-0.11304896021970808,-0.06657382118408404,0.13667153042662414,-0.45710474088188974,0.22953931570321554,0.64891259291819,-0.33384470744231215,0.634832709566823,-0.4405245105066189,0.39062992443546574,0.6676217371128379,0.013569154342756814,0.1307605529999885,0.24290181025259494,-0.4117078464545669,0.4052047263820565,-0.4550845339036747,0.6900224281382725,-0.03446212364822725,0.5034359678690786
Caramel Flan,0.1720268244295436,-0.1996804767894807,-0.27218954551238944,-0.13014885960490657,0.7853845076398805,-0.3319663777345073,-0.3660410477902068,-0.3536514709669845,0.052796309983648884,-0.06099959584065589,0.169866670582402,-0.13029685591243592,0.5705339819160434,0.22317587069963202,-0.21662639206257192,-0.2770684041975472,0.44498583931460756,-0.3126466979325842,0.7199861806291465,1.0,-0.21640540588665597,-0.19807513171507307,0.14352813863425268,0.26482721994974084,0.11659613463550911,-0.3552182284516554,0.24356369238302805,0.6005126163357839,0.11347021297525817,0.4780620973114608,-0.2836145056195222,0.7878834112079447,0.11251980954664367,-0.21764231281331187,-0.24949546967276676,-0.24959757377800476,0.8368613079170251,0.06322727392653936,-0.2753979699210298,0.32439394752836603,0.391946327145326,0.30214323178887076,-0.3136675422782587,-0.05075973648108879,0.35904881394850446,0.2124596806850932,-0.2735455185071412,0.1924334667303853,0.5460233020852274,-0.17740442989739932,-0.11866348508991968,-0.1502310296950642,-0.16981004466559485,0.8033751734561969,-0.09431407277062856,-0.046327959534237614,0.24071166747274808,0.6378273844656868,-0.2995211853779125,0.7612344708410418,-0.29212879148858234,0.0632073300176202,0.5174195441158911,-0.26438424835163205,0.2780041959436094,-0.30466354006544666,0.24479383639399638,-0.17275543044146058,0.6939323356400333,0.3193213402155601,-0.3702784126025358,0.2497338992307634,-0.23605979049681386,-0.06742506320118694,-0.4429344403296259,0.8179448642298207,0.6252347220833854,0.9109605040074061,0.40047829229837956,-0.4176089859388612,-0.14142654421270653,0.4796526099803991,-0.2526048992333831,0.022714336708984224,-0.3126489454402481,0.025726896024735466,-0.14939918481419004,0.10105441818108998,-0.1397913877754919,0.27944896925802626,0.03833780085766559,-0.2961263935459392,-0.3542031243097951,0.017197903243298132,0.6835933885839616,-0.3344092644461917,-0.020190627472746463,-0.05267215785180563,0.9095314610292353,-0.25185470245861874,-0.27886691918901896,-0.19641237952823112,0.043046319878347464,0.035891540444862834,-0.30487756528107984,-0.45870473872583906,0.6619223263297709,0.9457163489734666,-0.3534378609068591,0.621137777132424,-0.022449359250705077,0.46981874345248226,0.2800072763280138,0.4368622324486079,0.2755493487209534,-0.11114441295655365,-0.36509684569274503,0.5733504530818683,-0.3611047033801089,0.7445194529887493,-0.05916542437891101,-0.03650714016722256
Caramel Macchiato,-0.4750234064330216,-0.22053147044970564,-0.14238226826706643,0.9525093598138901,-0.31382377913567316,0.004068913057677925,-0.04913461192212998,-0.18055316970147833,-0.04146738373082866,0.849822646994258,0.284945334129738,-0.1446016440595964,-0.34601167045791115,-0.12117495789383137,0.9608606423793795,-0.23227424609060154,0.11330313680332746,0.9867289460263438,-0.37144878169420836,-0.21640540588665597,1.0,0.09208063101484351,-0.11734069920949355,-0.25654060633413994,-0.04609924286781768,-0.0945815349572337,-0.40856520944227553,0.2641419093640998,0.5997539778410084,0.4232328655728477,0.05830775333933352,-0.4145026696219848,0.014198599620243335,0.1549790638734206,0.8267696274681022,0.11896527678214033,-0.10491393961048345,0.019574529311850036,-0.11169530667998206,0.05511641832171781,-0.2711576924351532,0.11886921677634879,-0.04051210306362959,0.21171506427924716,0.29619980248835953,0.2853812283118109,-0.267679649038784,-0.33238885534174945,-0.04087816967456096,0.9601041030572597,-0.09157606122195254,0.10338223465855143,0.4760193537723176,-0.30839136688219676,-0.16513585647481865,-0.44505251991523,-0.5077671782835838,0.0032855284149786446,0.028677250813473852,-0.036595295635768965,-0.15823556726152746,0.00016225660584683055,-0.4765009583180536,0.8438472933619681,0.05081263222787269,0.44904793334654214,-0.5185057528200053,0.009590874397454964,-0.1193720346840422,0.2982198311656462,0.0534492054993326,0.03536015279421462,-0.17568106054690405,0.9744584593600514,-0.008573190805449299,-0.13065311810860997,-0.4168333607486129,-0.06136346193736205,0.04035824217869301,0.6188035037324325,0.08009191500124167,0.08285858910731109,0.9404168492726432,0.07842909913242103,-0.05817982630252948,-0.17802838076818073,-0.11175840803769999,-0.15493626790314308,0.266124666750562,-0.4522248803025716,-0.3580673132785913,0.24825618195698293,0.007001095803288962,-0.22998416514215336,0.03746966683417412,-0.06726314359246781,-0.10374545733205254,-0.19080772801920304,-0.3875209326624339,0.23110223383075457,-0.17985620382568074,0.4128966881936621,0.43881868809239927,0.03773166985396455,-0.10871005839106711,-0.028865233500254106,-0.3264633188142061,-0.3542982199607136,-0.13580570825275345,-0.3632534072505538,-0.08690823871660902,0.14244202623015614,-0.017584628150696453,-0.028028135806162632,0.051876500498313285,-0.29758965137290355,0.22174067018372562,0.2711957743338264,0.2250167958127057,-0.37075301024255275,-0.26158587393109645,-0.1637358000902057
Chardonnay (Glass),0.5530877296798284,0.8580129356316275,-0.12717444018584587,-0.02313503370314803,-0.22583898317156811,0.042792709709131106,-0.06881088965783135,-0.2586370704177256,-0.05129116872335729,-0.15286905630046282,-0.3652176412901196,-0.12448604121142177,-0.21578022754969778,-0.2236720985225888,0.006684314095353194,-0.11652178395548504,0.02448043891061541,0.1533156223861833,-0.31106317363791913,-0.19807513171507307,0.09208063101484351,1.0000000000000002,-0.1504942082633293,-0.1699256146150374,-0.08120861486184669,-0.1069730396948341,-0.35137969452817974,0.058199830587495054,-0.25716735626690496,0.14483715745702214,-0.10246452836609313,-0.32862059780708747,-0.21737943264645984,-0.005282803460309548,-0.09889311379871403,0.006627140549453785,-0.11466621626373291,0.9551021626373419,-0.1355725685247343,0.814088722964558,-0.3432799262963378,-0.16838936099722573,-0.08028006204525194,-0.01771307183629327,-0.42227077191818624,-0.3743791808743493,-0.2259243252555976,-0.28239244252325746,-0.04739204346445956,0.11171328498443074,0.010767105775860202,0.9871197498607283,0.2089864692687719,-0.27684325868334064,0.9350194438075153,0.6603284582896298,-0.35340763538599224,-0.08146083339430288,0.9343391034750136,-0.09990773446908931,0.040608496057633905,-0.050672528296509096,-0.3309178144080413,-0.1121140460658596,0.001815448513844688,0.8370360534756378,-0.3467871038100634,-0.07239218710014488,-0.06744610667452962,-0.014746563490393,-0.1662704083386298,-0.11974304556321765,0.010433321103256862,0.1428059392067832,-0.12273163792325333,-0.06675657969443201,-0.29908792161416853,-0.11035350913918834,0.7585061291609891,-0.07986516119135646,0.9962926109075282,-0.09780780267783566,-0.04547934536370564,0.8949162349015826,-0.22462071986105492,-0.02246669220162306,-0.09147577083696665,-0.1113204173701614,0.046614217626130675,-0.3328852415115815,-0.32021219939904433,0.9131859759358149,-0.14996439733142408,-0.07835390960741147,-0.09529049075753737,-0.07581025749856152,-0.06349787478493843,-0.10071376092990936,-0.31006694697272225,0.09145379048133695,-0.12887813880316465,0.12108736506683072,0.1921792953514885,-0.08057302578976983,-0.11219964597986654,-0.068888702247513,-0.3012633855650314,-0.27170825636412993,-0.10118029138884928,-0.3381996892990882,-0.12305709034500507,-0.002225843030831263,0.013647240507452103,-0.0015875059063564885,0.8479387857232868,-0.30428266130918435,0.06545470108654478,0.033421738854385145,0.1050143123846192,-0.3178849182239709,-0.23422865644802315,-0.079348831906475
Cheese Quesadilla,-0.18701236221512482,-0.08172148666566824,-0.0364164480261891,-0.1508881902569674,-0.3244081812407915,0.031274009876546674,0.04428909490102716,-0.031915718179774274,0.9826361599595498,-0.1419924631061142,-0.17746460636652595,-0.027243694667345282,-0.3267447897113229,-0.2219937168337347,-0.13299749180551265,-0.038068048126274415,-0.307697530213238,-0.0971477996280603,-0.28272606374577514,0.14352813863425268,-0.11734069920949355,-0.1504942082633293,1.0,0.9767476667607783,0.9927596085850726,-0.0040146120939928,-0.16241997424687005,-0.4024753852436093,-0.19471273603713168,0.3678709962090069,-0.09666044066193492,0.5906888107947984,-0.25306215898267437,-0.10225736829087535,-0.08838813614158542,-0.09525213023398572,0.5523350820604793,-0.24791963294285496,-0.026550244765479993,-0.33161676542072216,-0.22245532344217941,-0.2911164104947054,-0.07102782234783928,-0.1768885677785497,-0.20627135797735746,-0.14298526645619725,-0.04192379507254956,-0.2237813031751848,-0.365082377484169,-0.16367176131730604,-0.06832716253342938,-0.1891913290627946,-0.1543997662580243,-0.30931401948072157,-0.1438735994581176,-0.08910237036624273,-0.13007301832215493,0.7305483579898067,-0.10366135483054453,0.6510516241031716,0.008966467498488773,-0.1883838036813533,-0.23829458484218594,-0.0856750988776804,-0.3211022204806105,-0.10964189689783564,-0.12540878106709852,-0.09698200143136587,-0.35240114750683255,-0.2773158941663882,-0.026968437510247554,-0.21068436116730505,-0.041638719008432926,-0.19050748113838223,-0.03837853029923439,0.6181227661110328,-0.27430238685369623,0.4520024390357361,-0.3400355054920618,-0.0040091694912468,-0.17259065775569427,-0.40172732673290323,-0.11080285759964285,-0.22104819668648001,-0.06937046892006928,-0.05987463493289232,-0.0522626494702516,0.9954611377795617,-0.17054244710238917,-0.19686738864253786,-0.13108181224434734,-0.1338254090726558,-0.0577096988158926,-0.1309375204979716,0.6685631337904382,-0.01875000643348065,-0.09336936737925347,-0.13619670931091257,0.45856812212243575,-0.10663044729610657,-0.03504159973525538,-0.14482968533948484,-0.22930807250319213,-0.21639973194623816,-0.10125792842107503,0.032116326591233514,0.8046694462050358,0.3639840353188947,0.01288654264567922,-0.29224688555755973,0.8819953933013484,-0.3841495592800976,-0.27551637828963266,0.8139200709716753,-0.3285055893607671,-0.06880730441333055,-0.0762974423186704,-0.38984921150173746,-0.051635356515434265,-0.27518211119029046,-0.10574085624896959,-0.11504183270405259
Chicken Burrito,-0.08312209091962569,-0.05983824928498897,-0.08246645417822285,-0.27768191419784394,-0.1917419232191254,0.09130288654990357,-0.0015134823470790565,-0.06916462290464709,0.9460666043051537,-0.2208111642977798,-0.1373980124135814,0.08078786181936246,-0.16977350616838854,-0.2081205653330674,-0.26223978838039735,-0.019380427277747473,-0.2477884882935316,-0.2534885627160284,-0.12244325237894042,0.26482721994974084,-0.25654060633413994,-0.1699256146150374,0.9767476667607783,0.9999999999999998,0.9551009340042432,-0.04757280973025107,-0.0915937367904287,-0.4038255111440965,-0.21033273892363513,0.30866892435886795,-0.18187434523985002,0.6957263067241242,-0.25796013591245026,-0.1986845666438426,-0.16791952760619744,-0.18774527655636422,0.6294888258153358,-0.2232611228589914,-0.05992308748102579,-0.2963730537392251,-0.14237613907831237,-0.2964942548893787,-0.10071893116052984,-0.21721954756412887,-0.15627868614282037,-0.1064880418920828,-0.054483528863918225,-0.1466733687901687,-0.2832078825927611,-0.2721456687088134,-0.006497444148287592,-0.19571670349363704,-0.2575480877764915,-0.1728479216499163,-0.10152327028486163,-0.006989966370315353,-0.052043183828089895,0.7621759183293241,-0.14274595830123218,0.6998056379665633,0.0039026621606604722,-0.18329836080849093,-0.12822639446312506,-0.16762513120742978,-0.3106556193616874,-0.23174175391061794,-0.042723302873930835,-0.16362647485132145,-0.23183582838742578,-0.33951027700100894,-0.11676964256693209,-0.20425149136734344,0.013875970437910692,-0.31046254058338174,-0.12171882047506305,0.6913092587020305,-0.1256999293724102,0.5180682771612585,-0.2929207320779976,-0.057555280989705096,-0.18256160195195742,-0.37935817195213606,-0.22015596818012778,-0.24207407220895655,-0.13379125102387612,0.03371170251273871,-0.07068102079858496,0.9766870792730868,-0.23782288999690623,-0.09096185773429875,-0.09883911433107564,-0.21918190041637903,-0.13959607669573224,-0.0428316168036685,0.6991303000534903,-0.0840545725601431,-0.04860339383337194,-0.06770273074174349,0.589157060769306,-0.21421625399368038,-0.02384298224046185,-0.24200737114635007,-0.3075672525950362,-0.26708538940487064,-0.14271765943084727,-0.052075865693117784,0.8717637762006762,0.5036648268358926,-0.009504210307181373,-0.1770492916979567,0.8147932613944346,-0.37132239996960564,-0.19760241664312653,0.8379501095926224,-0.2941582008838597,-0.06631631500929563,-0.16552534660446103,-0.39673618383144527,-0.17206042801108917,-0.15347308820863664,-0.07990128607139173,-0.046379669602444246
Chicken Enchiladas,-0.20734639213856704,-0.05532077936203178,-0.04769921212060869,-0.08358390656708986,-0.37040078388937947,-0.01522205146123208,-0.007199130004089234,-0.053542725400256064,0.9919724465967825,-0.10226482434780383,-0.20308733616540642,-0.09283131331426664,-0.36412548518347626,-0.28184258753251024,-0.06675870978264009,-0.044313384706079526,-0.28157028612032275,-0.015721910495752736,-0.32996098335545304,0.11659613463550911,-0.04609924286781768,-0.08120861486184669,0.9927596085850726,0.9551009340042432,1.0,-0.05394846956170755,-0.2173070985385433,-0.37732153473263713,-0.18421191919487725,0.4285816373847947,-0.11048528473478553,0.5412779604073357,-0.27090715559331097,-0.07262021608097632,-0.05169060065145774,-0.06678015824299473,0.5520627219757025,-0.18763999528597483,-0.07796268909192929,-0.27699684024412907,-0.27086952404210884,-0.30019112445988133,-0.06095310226128336,-0.133898638408002,-0.2340300812663858,-0.1687789797889909,-0.07100760639928867,-0.26787329417600036,-0.36363589022592413,-0.11090053778062511,-0.06024337035296952,-0.11641052431443201,-0.07792975249329026,-0.35510541168830806,-0.104822242905443,-0.09771729729731579,-0.1933683092929298,0.7412422269935993,-0.04912543379188199,0.6538650481491034,0.040506575613080145,-0.16837715135335563,-0.30183184000596003,-0.056813089843014655,-0.31091728740982116,-0.017137781299147777,-0.18976869495284412,-0.08487934764434579,-0.36063531431138623,-0.2676809468031438,-0.019871455033778636,-0.21941572175103963,-0.041829463184528036,-0.11960171302758177,-0.037018629719537885,0.6176008708256245,-0.3227125646565156,0.4493945423939883,-0.2958458186868584,0.024001908569782515,-0.10663563450218543,-0.4061138324481091,-0.06174008534037793,-0.16301952453235843,-0.08102396060742928,-0.06213300906833959,-0.11033358185909764,0.9885820680627632,-0.1236623004754656,-0.25142309254777867,-0.17982105991937092,-0.06130691148168988,-0.05787173943221635,-0.1374407730575088,0.6831710459426124,-0.01925330003741301,-0.08515933785407179,-0.1374542707952312,0.4125952148725911,-0.0659428380799818,-0.04136037088914085,-0.08012759340047082,-0.16006401387868374,-0.2037448358305825,-0.11080506896139175,0.001711756322400386,0.7696636457570438,0.32278776696685096,0.01248096987992219,-0.3426716866018942,0.8724781456627361,-0.38280985659002864,-0.25978640073211395,0.8311068616131595,-0.2740196715154907,-0.10974683956645465,-0.03051000728686714,-0.3616775195656851,-0.013854372833438239,-0.3284592811679901,-0.13210710122849476,-0.118965764275378
Chicken Tenders (4pc),-0.09062968108251244,-0.051146978739173676,-0.058876822959068556,-0.19068771969546244,-0.02625203854240781,0.18797162813758736,0.9591222885515468,0.014671671093206183,-0.028489431817810718,-0.200656523114865,-0.20308001673343626,0.05087862570575097,-0.28394971860614154,0.7700210277265919,-0.17603971235303784,-0.03930013688134001,-0.3464516082571028,-0.09441594707067776,-0.30430562990125964,-0.3552182284516554,-0.0945815349572337,-0.1069730396948341,-0.0040146120939928,-0.04757280973025107,-0.05394846956170755,0.9999999999999999,-0.08527079173752651,-0.07120605154444824,-0.24702270408880078,-0.25628213387272974,0.8667254278969129,-0.23048919239717258,0.6473022605329226,-0.14608243665945467,-0.1486839517683244,-0.1437282681883742,-0.32795769849974354,-0.2166337145633606,0.9898869972972023,-0.31696360553382447,0.4508168254359678,0.5162193909590195,-0.010731258484244284,-0.17083078230357648,-0.2394523199198079,-0.19635809930125903,-0.011655940739525555,0.48299839105933573,-0.35404731652763965,-0.08053616810943204,-0.10426302087615939,-0.16680350111336964,-0.12130114570361149,-0.2734574763779856,-0.1295851029275499,-0.04014456302604376,-0.15864831977182403,-0.232744680380839,-0.03906281752804545,-0.28062281190834093,-0.014675940682590607,-0.17936985161153735,-0.22131403200973138,-0.06167944930111918,0.38318937645864726,-0.07728412998934768,-0.1641230895727765,-0.16986584069106705,-0.35787134806639853,0.3933252911165389,-0.005357664160820362,0.5580038262006023,-0.07974658544377645,-0.19253199642731905,0.032641672881844,-0.3183920333940195,-0.24508476909366833,-0.32355280081587184,-0.273705970997041,-0.1360705334111983,-0.11207736271396462,0.31070414893708115,-0.07003958676849925,-0.1832885104963495,0.0266169866953144,-0.14472214245212905,0.9660197672269348,-0.013893183503117794,-0.11665734954082929,-0.10422371998408711,-0.05589241520519409,-0.01389609611383048,0.018258035211046852,-0.18559048243300463,-0.27452284772713564,-0.061520482070920715,-0.22112268430500592,-0.19935365330112811,-0.2800555292684687,-0.1509215562309385,-0.000469167715184203,-0.10452783121618714,-0.20575008097209352,-0.2193360833267459,-0.013032528954822063,0.9588549447439765,-0.2052200829750048,-0.31180347021124266,0.029032206462743126,0.15440062277712235,0.06206983531487395,0.3236078670940238,-0.2859737185265221,-0.21760917199560773,-0.2672607926438841,-0.019622038650966567,-0.03995446200377452,-0.0325352857776106,-0.06648120300024674,-0.2953069095926624,-0.012970609320972666,-0.1261581887282559
Chicken Teriyaki Bento,0.34056495869319314,-0.025919413943253887,-0.09660613321989013,-0.24548984632550344,0.3540077851967057,-0.1437304810014912,-0.16567312636520282,0.15894362766882092,-0.2947880252846711,-0.12587449641738468,0.307602670356809,0.08899009032015007,0.0856433706327835,0.09252623774715128,-0.29686494497795446,0.6007017443873398,-0.3235080942596565,-0.47979568362479597,0.24282513301771524,0.24356369238302805,-0.40856520944227553,-0.35137969452817974,-0.16241997424687005,-0.0915937367904287,-0.2173070985385433,-0.08527079173752651,1.0000000000000002,-0.023624268054742947,0.11288519923830675,-0.3852268012333365,-0.18315963394768842,0.35198915978891765,-0.15188274934147675,-0.2712362116566897,-0.2245428948982613,-0.2626263322596851,-0.12426117705214186,-0.25340442580036177,-0.06644920290389589,-0.11422550474668391,0.11469750121998862,-0.15034090710484518,0.5690977162004082,0.3131982804856532,0.355233833397514,0.3241467236683527,0.21375665120027243,0.08515280808125028,-0.11366103644079252,-0.3960783999742987,-0.49233078883036724,-0.4016357261568015,-0.023058633791660777,0.6664747769874867,-0.18820508638160466,0.16661695408119295,0.35680249909703693,-0.24751402268247896,-0.168425087083996,-0.11599572550581864,-0.15697592816548078,0.5899864213609832,0.4202875841059486,-0.21377220450753942,-0.14655973918654663,-0.42799704161598207,0.359288138336774,-0.15440503021003332,-0.03705070627824259,-0.11651459952684999,0.007841015356309274,-0.20615366952678582,-0.45043749206585537,-0.4000530585955932,0.057039801345507596,-0.09980338537898159,0.7775059219061468,0.03150173787654715,-0.10556532868204471,-0.24973114437601057,-0.3132353493478266,-0.013325226814206937,-0.29767420288874735,-0.10289918146552335,0.15795605721676914,-0.42661740205529797,-0.03878089661020695,-0.13332799391515418,0.3299690227120718,0.9409370165820303,0.4144333261954658,-0.2824135107990298,0.10019262601568633,-0.33630087979902723,-0.2315964298200923,-0.1543282592679132,-0.38546619194515885,-0.345746292560118,0.2719136239060734,-0.33858859881486636,0.579342680130643,0.10261017682620718,0.08494335974735341,-0.09773980826303066,0.03589764758225789,-0.15789568043761387,0.16362862420890398,0.22506686428397996,0.6125485302163066,0.29938445868471947,0.014127602462908919,-0.1043013209706805,-0.37592121959200325,-0.35311277916699424,-0.1513745117369883,0.3605380438747295,0.35834667993720204,-0.07052548869557393,-0.3575942155731042,0.44873768049476015,0.8608722994904046,-0.3768208048525415
Chocolate Brownie,-0.05799441202086183,-0.21074952141003886,-0.16420030122637178,0.27745080906031006,0.6577395103533905,-0.5599228465409358,-0.10187838894536472,-0.40458838808421904,-0.4212828554654173,0.1510428466741382,-0.028821918341722888,-0.529040431282256,0.3436774912395016,0.4875385438254467,0.1781598708842969,-0.3841307067952026,0.5839205068600783,0.21453628085580198,0.4232039547903531,0.6005126163357839,0.2641419093640998,0.058199830587495054,-0.4024753852436093,-0.4038255111440965,-0.37732153473263713,-0.07120605154444824,-0.023624268054742947,1.0000000000000002,0.12565894471156377,0.5750456492171999,0.19712037227287696,0.0742823685727,0.5079984605325348,0.1344626010047036,-0.07750479136806915,0.08032904193660823,0.37086918575767425,0.25870021115712677,-0.004890797459902452,0.529633294443395,0.43851622961885295,0.7305201159899343,-0.24692372948083188,0.20798795520483015,0.1752601329835745,0.007100421413054933,-0.3980433383890279,0.23218642779909004,0.587017267174001,0.23316765584066346,-0.16333973964205356,0.10829574758280015,0.3132156395652488,0.5653889970719905,-0.06623513292004246,-0.263853303219501,-0.01062174105053364,0.20906744366147997,-0.08859967859285985,0.3173429648875592,-0.2861313610760623,0.15343831270488573,0.26914215876420516,-0.07274196585800818,0.655802233877504,0.21113285531247653,-0.024201635108325396,0.05662487265217499,0.6382277875252561,0.8620200290338106,-0.2340227106506216,0.6028917553260001,-0.32705279266852194,0.4135355539819464,-0.3367100172158871,0.3126549531986682,0.31764891435530285,0.523886211052375,0.5835776792737787,-0.3941570727899637,0.10572024718606118,0.8584768475899841,0.07441761231530361,0.2710868250334408,-0.25025670849776976,-0.11389000292422607,0.11360893349880946,-0.46538648050928755,0.18040628339062614,-0.018404500929393646,-0.1621150147063203,0.10642118425854805,-0.24001675142799272,-0.1210044620920494,0.2968766880621393,-0.1745499925494001,-0.06744245971375869,-0.15013693708080098,0.25121853546883915,0.15362695582411223,-0.35229085977170405,0.23250178513259942,0.4981804711653965,0.31479813642164867,-0.2631953876197827,-0.09539929473999131,-0.052372260992958004,0.33963833971959734,-0.38378986503888607,0.5398545113968444,-0.4479343865615574,0.8879670616867716,0.3291411515500529,-0.027277483353569807,0.49066937796586413,-0.2761107046190351,-0.08283948719773282,0.9887186254878225,0.04418310559572833,0.5117038246555644,-0.1813380520833947,-0.1148595906882168
Chocolate Chip Cookie,-0.06140391176140099,-0.20351205219780505,-0.27829051660653603,0.7713003880299371,0.1994410718342845,0.056073796200590276,-0.32979437275974577,-0.025176642673321634,-0.22731619679756218,0.927239926372375,0.9316318036195811,0.2444834140247601,-0.08309992826192816,-0.06692196135377126,0.7650942165604104,-0.19507731486453045,-0.12432746599499458,0.49972962403901183,0.04635588082307676,0.11347021297525817,0.5997539778410084,-0.25716735626690496,-0.19471273603713168,-0.21033273892363513,-0.18421191919487725,-0.24702270408880078,0.11288519923830675,0.12565894471156377,1.0,-0.07766214181189243,-0.12110401126605885,0.07748292735606112,-0.0747237075761393,-0.22652595857483318,0.8696963934016803,-0.2348362849767764,-0.0621536407645671,-0.21592428746034495,-0.18560911560742377,-0.09146822511894898,0.08034637961366597,-0.027333675664548973,-0.17449032674412596,-0.15072441179059132,0.9217942044121783,0.9321867480658996,-0.008922528111777586,0.042271874590735226,-0.05382699082858406,0.6312751678169167,-0.3456802662811777,-0.2713471901566216,-0.1426201160303802,0.19391556239570437,-0.23261370870380066,-0.13945630262753386,-0.07257228983518851,-0.1446551260701927,-0.21018310916690533,-0.10794202736817769,0.0637670123767233,-0.10819416190254402,0.031039953120348997,0.8333771749989567,0.06667064740188805,-0.1634773560279645,-0.07244832086209303,-0.2199308918832662,-0.020439400803541327,0.016196397841085064,-0.01156931756776429,-0.04360673759909284,-0.37651002111295323,0.5775312098926042,-0.005936878706663859,-0.0644740786457688,0.07693790439864186,0.011016151114069714,-0.057933778115265545,0.7484680975766772,-0.25934015193799964,0.08608424005329679,0.7856896465324434,-0.10899795674826077,0.03399602819707856,-0.33215199257381756,-0.23960170201436057,-0.20941256781302803,-0.1430359960641332,0.012184842923287989,0.09092244303842913,-0.1972705823252106,0.03569508651611464,-0.2809415938641886,-0.10947942204777146,-0.2885844828536811,-0.2797100784274105,-0.26404487546925,0.05925224042754723,-0.2450998357139163,-0.1965748352047023,-0.15109702580510462,-0.09582183826883806,-0.15042350605219884,-0.06536170373948763,-0.2166198645482566,-0.03211462392624437,0.07112712071817909,-0.17456260908802937,0.16177267973066822,-0.07754843584737553,0.02872923485386175,-0.2024076403502565,-0.22536284611410168,-0.10830403092483813,0.08854658961220876,-0.1446590575692835,0.1568983540856047,-0.2869668038293568,0.1509391683157389,-0.0661309401257213,-0.3102036000029567
Churros with Chocolate,-0.3795598321585555,-0.2360527467809986,-0.18748150164739305,0.3280314647481303,0.03854061486612577,-0.4259930093989147,-0.1755496285793321,-0.43331347831241335,0.41176919057268807,0.12793989308174838,-0.33511336006383563,-0.5744502403816845,0.03443502042711276,-0.026091024054023606,0.26939233426126935,-0.3046438906752812,0.4993605266954581,0.43143588652193476,0.03741234709615249,0.4780620973114608,0.4232328655728477,0.14483715745702214,0.3678709962090069,0.30866892435886795,0.4285816373847947,-0.25628213387272974,-0.3852268012333365,0.5750456492171999,-0.07766214181189243,0.9999999999999999,-0.07986414976668867,0.23486095889033837,0.10600423930888131,0.15255286784896788,-0.0011018624317415751,0.10019363116504805,0.7209237699803915,0.2103389407504882,-0.2544345423224431,0.33492376328512946,-0.0944222694686416,0.3124459153717559,-0.14836634127002507,0.3016575440792428,-0.18122182648477483,-0.2924423075945689,-0.4820783799617277,-0.2676147950235382,0.3334251563439525,0.3314935864715513,0.053217252081084465,0.19794212914919435,0.5053614197422864,0.050448403014743584,-0.08337054807389148,-0.4260015045685135,-0.3767208430314042,0.7831409536658906,-0.03373513628236129,0.7802204256343334,-0.30998254780393153,0.12248194336344374,-0.2337949692551078,0.00945658345570663,0.19997731711183217,0.3941892816862537,-0.3857900489306739,0.01830641639075955,0.3346018828660405,0.481925446581758,-0.1875322088507559,0.23096811097416162,-0.09995624916708845,0.5023067007345206,-0.3204655404913032,0.6967792664408241,-0.10009198540280129,0.737457200607913,0.3371086526724921,-0.23286750451210741,0.16576219360963573,0.3148113629390761,0.17650898123790643,0.17074614287757814,-0.3199816127673085,0.057067854677043076,-0.15439510833187164,0.3083022443426057,0.28364445523056486,-0.3423387469644341,-0.44959684470738753,0.1914807144479596,-0.27178189120775353,-0.04400713121568667,0.8197404762621138,-0.13745793488796373,0.08104614736015249,-0.06044004267727558,0.33589862886656663,0.22118769348981507,-0.2580485257077095,0.4164902700776828,0.567595095588835,0.13122716736468334,-0.3067546174991554,-0.2420693233884683,0.3708648974639595,0.368449820739396,-0.26362433202016855,-0.08590627473469475,0.16059349816242438,0.40581429054498214,0.2971914967148201,0.6825295349828213,0.305606500924285,-0.4765391355093375,0.0955803761971129,0.5573684680687062,0.16756551467037387,-0.030680412473831555,-0.2984216556350731,0.003321537428914099
Classic Cheeseburger,-0.2098369722652359,-0.1498826961821859,-0.013458769448414263,0.03556448621889796,0.10276230965758316,-0.2117035030858633,0.7388275931669266,-0.049193359110375645,-0.10002589408425379,-0.04635003954870731,-0.1621483939563375,-0.3022193803337369,-0.3399524687229066,0.7627141890002527,0.014455718480437418,-0.18029416629894862,-0.25070971226319905,0.078703893664344,-0.319722686299672,-0.2836145056195222,0.05830775333933352,-0.10246452836609313,-0.09666044066193492,-0.18187434523985002,-0.11048528473478553,0.8667254278969129,-0.18315963394768842,0.19712037227287696,-0.12110401126605885,-0.07986414976668867,1.0,-0.2575014628846989,0.8205903465025999,0.03887042136995925,-0.07272154767869354,0.03663383248560435,-0.2671188247627305,-0.194764271247976,0.899181225810944,-0.22426349759109127,0.6011500717032968,0.7104706122919834,-0.11552663674847552,-0.13069037712504455,-0.17371020369384477,-0.14312412095697286,-0.08803682034125195,0.6244046872189242,-0.29310507174048755,-0.021110207204174614,-0.20993375855518995,-0.15302766098600054,0.0003034170642518749,-0.24811392077068745,-0.19523381116075136,-0.18452964203961686,-0.1510814631996861,-0.20741469451983888,-0.07476203332702293,-0.2581050849034017,0.25466139032142404,-0.18694082097556705,-0.18148913561056032,-0.0427432433785081,0.6745741589194094,0.03388788737913224,-0.16627532625336064,-0.018830683330186615,-0.299632814053843,0.6106343437624746,0.015096510534750793,0.7586726657098641,-0.23165577872361093,-0.02991950741224708,0.02357624972554989,-0.26772707070708823,-0.29708860763942013,-0.23908225559447255,-0.19207724342167212,-0.11783016758703427,-0.12194409541103446,0.551845535135634,0.025797529157689736,-0.12431532817278229,0.01589539789546164,-0.2584904383828432,0.8172706742109606,-0.1207569332235869,-0.08827394321701296,-0.2443903450307385,-0.11510157680940322,0.017509702241273975,0.03117038297345292,-0.27775227161104743,-0.21318993049892965,-0.008207986483546868,-0.2753899237016425,-0.2669482933951202,-0.28870676707659837,0.026035003143182207,-0.1545941906700527,-0.028368538073306006,-0.06589803581822877,-0.012404922690219942,-0.06533720853669178,0.9336057160485431,-0.2474578863727196,-0.3013546075036612,-0.1036772994395457,0.3265668682035966,-0.004981777601099163,0.52802503006096,-0.26382124762087056,-0.22887645665965625,-0.19023880266406204,-0.07560152596871164,-0.037807018609079056,0.27965548569825877,0.06875127554066804,-0.20592322370775265,-0.14858951851823288,-0.23384853088669233
Classic Margarita,0.23468543828311678,-0.10249916060823547,-0.19434359425199443,-0.28722813113214324,0.5023160830165407,-0.18726317486289137,-0.2686442014179275,-0.13794998923305601,0.46978260071571,-0.14126906021629335,0.2403097796419,0.042678049991345654,0.20941142248584385,0.07462380106062841,-0.3371364274927719,-0.13271298482711,-0.08590285063775303,-0.4939564172430695,0.40310657905960373,0.7878834112079447,-0.4145026696219848,-0.32862059780708747,0.5906888107947984,0.6957263067241242,0.5412779604073357,-0.23048919239717258,0.35198915978891765,0.0742823685727,0.07748292735606112,0.23486095889033837,-0.2575014628846989,1.0,-0.11688331746064139,-0.31615218837983755,-0.2439179811153654,-0.31804506004016986,0.7630858283090187,-0.18638139367148174,-0.16617184857924702,-0.036800335627637376,0.24918865827230371,-0.05176263195275634,-0.23491073246881594,-0.27225275693259465,0.32673682636257606,0.28886058025332706,-0.048610154514452025,0.13966189261152984,0.06265311801883909,-0.3866357183871326,-0.3096585140166547,-0.34883751535903074,-0.4451810985865327,0.5337651094517959,-0.13961725543468925,0.10531341774013124,0.3024390031779339,0.664483888126794,-0.28215072668214486,0.7374551850388731,-0.10010310631766983,-0.08227174185547935,0.42727937085959894,-0.2684780905489601,-0.020226050153618114,-0.47206255003431274,0.31076719919925855,-0.215548283879743,0.19960524696628143,-0.055972312799031115,-0.24086941248334115,-0.017405710838157715,-0.32792670301982063,-0.3637269704731386,-0.2513745875941253,0.8083132875549673,0.4438681907287956,0.7908342775838826,0.021651753005263452,-0.26586528007672683,-0.30219341099163566,0.059982336687792195,-0.3375524566568692,-0.13816862987661818,-0.15098658805020057,-0.17944652644027212,-0.12220750444746038,0.5765465239321318,-0.32366060653899337,0.30507726311823113,0.17577639815973464,-0.3889567589641151,-0.19520052128869037,-0.1700471877174226,0.6564956967047484,-0.2591840078072477,-0.21743407280394933,-0.2210096901238779,0.9583752022465877,-0.38245620120418883,-0.1561154351657735,-0.42337307309907213,-0.3180801657445628,-0.14146799424150922,-0.19945149055492473,-0.2803532872610564,0.9491323367474452,0.9091423716508424,-0.16398883979388398,0.4265755422745037,0.5108807787522227,0.012903705406294763,-0.15440566635740968,0.5642666006953732,-0.07105485070270717,0.09802023066248947,-0.37233893442807053,0.06867688871687472,-0.4255108461518071,0.5309232623391035,0.05541762015244378,-0.23141936263459237
Coca-Cola,-0.2961175646132235,-0.39133680894972944,-0.14936379235842262,0.0003078184198018752,0.47628317249494717,-0.25517823052729316,0.5190327444690624,-0.33987677729623633,-0.2503531962477487,-0.05117870939898178,-0.11706761814705624,-0.2753279534161662,0.12667459846788595,0.7966057684383618,-0.05705730619146468,-0.15490579299659987,0.21246215062430723,-0.004987496946004533,0.12645095587082364,0.11251980954664367,0.014198599620243335,-0.21737943264645984,-0.25306215898267437,-0.25796013591245026,-0.27090715559331097,0.6473022605329226,-0.15188274934147675,0.5079984605325348,-0.0747237075761393,0.10600423930888131,0.8205903465025999,-0.11688331746064139,1.0000000000000002,-0.043390685355799055,-0.1416582679647431,-0.05882818548684275,0.06261432581065812,-0.16777504474440327,0.7109292400876133,-0.09894165930483224,0.862103156316438,0.9524145949497982,-0.13913319071529345,0.05906433922388803,-0.035541289141235916,-0.10353811755521519,-0.3651646890277512,0.8217937235622763,0.09931485045668464,-0.047977409233095736,0.06625223713206772,-0.18629821721984835,0.09549281788494537,0.13761041201299243,-0.28964991301620946,-0.3559324413957661,-0.09638339750838305,0.017298466028940057,-0.3570662127397384,0.003206155808089417,0.22001411132183857,0.0036705619772929715,0.008173998235626694,-0.12083066272709439,0.9054796839368764,-0.18703419232282822,-0.10757652386483246,-0.09453494927954224,0.19345978658945284,0.705948207624642,-0.29611821298075236,0.9776047279130271,-0.07043534663202555,-0.004292536757208476,-0.3394830957729386,0.006852352388945354,0.09408058053309296,0.06785859656253601,-0.04273039084355411,-0.22556580615337068,-0.20796308168629607,0.8526150842133767,-0.03587800323027951,-0.26445669602405963,-0.29781708510867727,0.085095378257591,0.6793266795416424,-0.29469746755176923,0.0016907742094391283,-0.06676149021079646,-0.2760127408502281,-0.25122935358583354,-0.3118421624330071,-0.0028091474321619014,0.04608261172765057,-0.17000902132251777,-0.07247399258117244,-0.0355253953789396,0.0023150147496101975,-0.061606105430578824,-0.12406596582954456,0.04811858816537536,0.10652518795995769,0.012310764492238696,-0.33065533972719735,0.6253054782806885,-0.17548280003650946,0.05345893341263813,-0.18935395528635496,0.6484872143820041,-0.3738775030773036,0.8129343899254441,0.15878964252406863,-0.0701699014526709,-0.08411051556624335,-0.32228754766021656,-0.10200409580946213,0.5833558845952128,-0.09144561868738621,0.09505582947716186,-0.1394817326826632,0.013910576267964554
Coconut Water,-0.3250483316504161,-0.16306898985498622,0.904858221116781,0.07776996063112246,-0.2588136638284501,-0.0952546999666675,-0.06739691277506411,-0.12030074368539506,-0.052049664638349744,-0.06067325811583603,-0.3117365317770743,-0.18955896752704726,-0.27500051964318106,-0.1545809705010915,0.09828456863544136,-0.13852674455987463,0.03180068854547132,0.22743222503409397,-0.31104419241551534,-0.21764231281331187,0.1549790638734206,-0.005282803460309548,-0.10225736829087535,-0.1986845666438426,-0.07262021608097632,-0.14608243665945467,-0.2712362116566897,0.1344626010047036,-0.22652595857483318,0.15255286784896788,0.03887042136995925,-0.31615218837983755,-0.043390685355799055,0.9999999999999999,-0.04734457613344299,0.9970580152801335,-0.18395305829050104,-0.07141318787173248,-0.19103285045548324,-0.03934032263487416,-0.2388953602887084,-0.02249923273176164,-0.0724276354283618,0.047439233612410626,-0.3048452464905047,-0.31190223711149373,-0.1833850546600604,-0.2578733843164024,-0.0845245052967013,0.15259646903826615,-0.05505480237003438,-0.001851161003950743,0.19452541557232758,-0.25946104789729396,-0.14512328358058932,-0.29568701704689926,0.5001535170730684,-0.10470083488371727,-0.02819404410147798,-0.11752479322980357,-0.0004912008717218672,-0.11938032370521942,0.3343655065457113,-0.058140730654343685,-0.13302218416791636,0.23502374754795322,0.4837877129861936,0.9789413154829999,-0.14470393256112837,0.15444291925187306,-0.003837730178010261,-0.11111011362110404,-0.08341128356395199,0.2162259985556783,-0.03268559192647873,-0.19071504200130693,-0.338673937299034,-0.1350665918833578,-0.0801548287941503,-0.07856033123923117,-0.03963734875569488,-0.07031062990255028,-0.0034492265969704693,-0.006692245981127712,-0.07337897934884592,-0.09918895469031425,-0.15988759393352855,-0.12042580550311582,0.06335770580902902,-0.3254017312612561,-0.26076436367740197,0.08967863944577796,-0.04271365194755395,-0.18105597770906046,-0.07574491850183751,0.929430312090237,-0.10498204370385374,-0.13090385574257232,-0.31271111279067965,0.9903342204411838,-0.13090554567974702,0.16259302758160618,0.20148124550752763,0.9474933958023141,-0.10080999382479652,-0.014205398950605144,-0.2533918933704629,-0.2954639612164537,-0.10844368376580765,-0.24197376018746725,-0.041682419730781795,-0.06996963088032558,-0.06710166907321014,-0.08056362531120469,-0.07142317631852124,-0.2143202710566522,0.04755658027681601,0.10803929440590994,0.9754189016812905,0.1389689375426717,-0.23059689544884812,-0.15428689668292722
Cold Brew Coffee,-0.2895467662078009,-0.17877178949878686,-0.1456669483768151,0.8815993954648058,-0.24341586969080992,0.2681931509412014,-0.15840990509012157,-0.05465628411862067,-0.049354075431412535,0.9628276641162348,0.7049450510852222,0.27958501399438074,-0.32642122938020085,-0.23217224499087702,0.9197364887802479,-0.16497624053219873,-0.15858350858137849,0.7761860718032958,-0.3052268546753857,-0.24949546967276676,0.8267696274681022,-0.09889311379871403,-0.08838813614158542,-0.16791952760619744,-0.05169060065145774,-0.1486839517683244,-0.2245428948982613,-0.07750479136806915,0.8696963934016803,-0.0011018624317415751,-0.07272154767869354,-0.2439179811153654,-0.1416582679647431,-0.04734457613344299,1.0000000000000002,-0.0533563091935842,-0.2140431390674496,-0.17560668339371263,-0.14197887489966182,-0.17676015451378566,-0.19416802538349529,-0.13376868690844843,-0.10482544832427232,-0.07461993646404255,0.6386059921107221,0.690018246917832,-0.09471538397077234,-0.18147244798370515,-0.22879524293745968,0.8494328676340667,-0.14922140996460462,-0.10820765454590245,0.05546994317733547,-0.25392176259589905,-0.18562724393400004,-0.24561876762400117,-0.2894583755311802,-0.1540049379041722,-0.08856244435650634,-0.19454667982729423,0.06522579901295347,-0.1634559514104839,-0.30230236985810144,0.9873919974055101,-0.09350968164201867,0.07899137830493333,-0.2904620140333202,-0.09870191726007826,-0.254092266029738,-0.08056708490482556,0.024893342756996395,-0.14264418625611067,-0.1772271533943276,0.7591562521912478,0.02697107726794827,-0.2161492188238666,-0.30906375366468974,-0.20663525821210202,-0.17878848766809163,0.9243766984820677,-0.12355431132340464,-0.13705488976800723,0.9632310296912463,-0.11652078426930695,-0.008172481853642458,-0.20013693073645328,-0.20743733044376383,-0.09925809929333468,-0.04277912414248352,-0.28860738822910015,-0.16183507173786116,-0.02305938323892942,0.024951639937059955,-0.22367049069966038,-0.14191191948922624,-0.10916882605990308,-0.18890332125825463,-0.18948341827313714,-0.2750384702868144,-0.021971909173713423,-0.14557835650582124,0.03022276907640871,0.0033341596005274747,-0.12317984664893863,-0.07660894931435362,-0.09245417200377565,-0.22319634397695684,-0.2658061142120321,-0.11729399677254201,-0.24764288563140818,-0.016512561014697114,-0.14704770438294507,-0.1916361980834791,-0.13644270033262884,-0.17308144073540388,-0.09831269063906375,0.003961980549941374,-0.04902335596218162,-0.019105434879860106,-0.2630189346853447,-0.19714249816270388,-0.20817568844685855
Cold Pressed Green Juice,-0.29449157292076855,-0.13003360154776014,0.9242231736050379,0.04743002275051851,-0.2748032747550022,-0.06919888597095825,-0.07340331287080801,-0.11820677269110277,-0.043015331167642695,-0.0794942134259912,-0.30380898199755274,-0.15522228739101232,-0.2982426408058866,-0.1800398220235102,0.07310014102078244,-0.11094957279478175,-0.013216999067167275,0.1946917805396589,-0.33638272065530417,-0.24959757377800476,0.11896527678214033,0.006627140549453785,-0.09525213023398572,-0.18774527655636422,-0.06678015824299473,-0.1437282681883742,-0.2626263322596851,0.08032904193660823,-0.2348362849767764,0.10019363116504805,0.03663383248560435,-0.31804506004016986,-0.05882818548684275,0.9970580152801335,-0.0533563091935842,1.0,-0.21157369062147216,-0.06881514007250766,-0.18869435321842673,-0.05356409957061638,-0.2386135969076075,-0.05739516166971924,-0.06211173725891621,0.026613907603007667,-0.3117667758618503,-0.30641908547917746,-0.1772932806060946,-0.23934232884704945,-0.13183873289712264,0.11867997851843118,-0.056172265539725943,0.006591342523261096,0.16391032762727553,-0.28140086304979245,-0.1180199716367201,-0.2532352376904085,0.5222966692648979,-0.12956778769071525,-0.01069909316437497,-0.1477053726631091,0.053375619912649414,-0.12884531796191964,0.3403699319238274,-0.06935147882882338,-0.14648987315131787,0.2194102650578883,0.5069569840331634,0.9852607506202525,-0.1853513479723923,0.10140931880217693,-0.01794852520512975,-0.13113335771643206,-0.07820422728858181,0.17266082165249508,-0.036188051883934036,-0.21289089368255124,-0.3437302748398244,-0.17085139613574782,-0.09856320846836145,-0.05795095620671037,-0.03156607277446888,-0.10633783452818996,-0.024928480384669438,-0.009279514954865703,-0.08252192579601218,-0.09927012619790618,-0.16902355102053182,-0.10721251271108466,0.04122199620789758,-0.31520530473454034,-0.26361024284788065,0.0867211269068792,-0.05245036622033766,-0.18575944979876893,-0.10504464225666432,0.9468973053984878,-0.12218497733049576,-0.1358142163956456,-0.32400622762008546,0.9835828137105754,-0.10859109635319562,0.134495988478286,0.16224067732426822,0.9403807994338298,-0.10993254250208596,-0.006202985949782639,-0.25692096512454193,-0.3099583009132015,-0.08687113933556236,-0.2459689333570379,-0.031442966647599845,-0.11426339063473236,-0.09701807693436267,-0.08929630462019889,-0.08312360630695954,-0.21240056921724645,0.04334131848683114,0.05753047839657255,0.9722720599112813,0.1269789866831767,-0.2188659383989123,-0.16470843150166684
Corona Extra,-0.09431232409749507,-0.24110845091157537,-0.28552524071814694,-0.10186407051091512,0.41459010772578636,-0.26367094667915764,-0.298129991713148,-0.41774939071201933,0.5248971967732778,-0.09886566598634099,-0.08731817747273161,-0.20182940692997964,0.37640333728217096,0.00953619881571384,-0.16167861803510059,-0.28098146213846437,0.4363808066933726,-0.15043839968356287,0.44607401901119,0.8368613079170251,-0.10491393961048345,-0.11466621626373291,0.5523350820604793,0.6294888258153358,0.5520627219757025,-0.32795769849974354,-0.12426117705214186,0.37086918575767425,-0.0621536407645671,0.7209237699803915,-0.2671188247627305,0.7630858283090187,0.06261432581065812,-0.18395305829050104,-0.2140431390674496,-0.21157369062147216,1.0,0.0457036757845115,-0.279534790252935,0.18613567208003842,0.20666091148769017,0.20540026713419574,-0.3147736523885472,-0.021744711715998608,0.05896082299362408,-0.04607713484567215,-0.3824747706817164,0.05379218160855082,0.3829474138965294,-0.12239349860687739,0.11393032796458567,-0.05451276755079325,-0.04113143188253238,0.38723696314783224,-0.09788972356710589,-0.1859310075223336,-0.04217282838724262,0.9470353700698025,-0.278737833520281,0.974045202537247,-0.16367926619616294,-0.022149893482662775,0.13993692708572894,-0.2305752413098413,0.1790670070660585,-0.1741058499163079,-0.03706571816558532,-0.19162815659415425,0.5049302629438195,0.16905110227870562,-0.3776671862544705,0.20993484752579789,-0.015372328948637859,-0.016239704434196492,-0.4706144582556606,0.9904166955547544,0.27515658640130214,0.9591408893354489,0.23115778951854973,-0.3075151392290486,-0.08273801813359298,0.26678047551068995,-0.18630285102329572,-0.07208805993108883,-0.40816588734757114,0.21943996690984524,-0.19483835869198593,0.5093160963619676,-0.11797438340246261,-0.03726908843142086,-0.22562738791110412,-0.24319083737169436,-0.42149819467145544,0.13112764137932423,0.961062026078052,-0.3070854325407609,0.11961257000010483,0.0681513112393116,0.8624979395224233,-0.18501732285987568,-0.2723537523431105,-0.0935989142863326,0.06776130065355812,-0.07685585399686896,-0.3714410023790614,-0.39261112956327426,0.8079643861891226,0.8787134655811765,-0.34731659263368087,0.306562167931933,0.25312527156976955,0.2891592374309299,0.32642329847450685,0.8490934186047536,0.15535175661350556,-0.315387785620444,-0.2961500090272011,0.3663339021974006,-0.2577202130857926,0.3334962063570006,-0.2389831534618916,0.10571872589003375
Creamed Spinach,0.6294246805289829,0.8097509620731291,-0.20653819732001055,-0.06829205051788532,0.03563740141993953,-0.03737318931639258,-0.18356768141362295,-0.3294286452427409,-0.172161742658664,-0.17446109472332333,-0.30124343459780833,-0.13829067721412203,0.024875775607085295,-0.14616317030934267,-0.0636754847865995,-0.17381303894517294,0.2100176962324469,0.051578384033292,-0.04149307376041582,0.06322727392653936,0.019574529311850036,0.9551021626373419,-0.24791963294285496,-0.2232611228589914,-0.18763999528597483,-0.2166337145633606,-0.25340442580036177,0.25870021115712677,-0.21592428746034495,0.2103389407504882,-0.194764271247976,-0.18638139367148174,-0.16777504474440327,-0.07141318787173248,-0.17560668339371263,-0.06881514007250766,0.0457036757845115,1.0000000000000004,-0.22149130242101495,0.9389334997538954,-0.21130313327464323,-0.06316755615112929,-0.15064022307257985,-0.005853289331290649,-0.30245318862715714,-0.30556023651771586,-0.2718471835488929,-0.2028521181864614,0.17835276973941253,0.05913746237814712,0.02464603873677113,0.9648982309415234,0.17137428235356345,-0.0037976129363229963,0.9266806118154495,0.6634960117093237,-0.2663217900713683,-0.004797949389413863,0.8527650076394411,0.021671416452839168,-0.0475914156590254,-0.002591754706380657,-0.15237148324312932,-0.19288698775372787,0.10219705545864788,0.7435887181482471,-0.2583166869207055,-0.12287541106937475,0.19595706353345538,0.08143917050273825,-0.25240971712045457,-0.03915920026045472,-0.007290137654632539,0.12206403678530559,-0.22766639070371122,0.07645868336388172,-0.07125680369389635,0.07604224969530299,0.9059705107784759,-0.20510861470720704,0.9713785275421785,0.07153953129769695,-0.12428977097916794,0.9146068237156729,-0.28763651415610375,0.03204780237190428,-0.13807416667963818,-0.21879765793093556,0.028132310324775072,-0.21156033858545575,-0.26896996265175466,0.8294177088115795,-0.2298419717687371,-0.011179276987607864,0.0011107146665310218,-0.1767309266307015,-0.015657268394970534,-0.053237531421941306,-0.11212090233684319,0.015488702604717592,-0.18820920969949628,0.0785960443152187,0.22245252586882197,-0.059662093508073694,-0.16082895205115852,-0.22058847956790725,-0.22337704174206918,-0.05034599270027527,-0.1936104056760514,-0.12830493566997475,-0.25999965981983664,0.16267000467639317,0.16058535622576178,0.01116567921841631,0.9593280114690834,-0.3057972501593882,-0.02982709526256259,0.22302581387635587,-0.0083934080459808,-0.07203048404886096,-0.22629344536309823,-0.03060528051805751
Crispy Chicken Sandwich,-0.06142614848611226,-0.06784232502532823,-0.1089803616795249,-0.1754296174703075,0.08763098791788551,0.11654202669805672,0.9180462755159737,0.00013695797394935177,-0.06011637611624682,-0.17068235053225525,-0.1327801246962335,0.021001371431741883,-0.23901021591132118,0.8209673638134656,-0.1718863385546849,-0.0929871827836532,-0.3276752855567378,-0.12116450336218887,-0.23508309639802588,-0.2753979699210298,-0.11169530667998206,-0.1355725685247343,-0.026550244765479993,-0.05992308748102579,-0.07796268909192929,0.9898869972972023,-0.06644920290389589,-0.004890797459902452,-0.18560911560742377,-0.2544345423224431,0.899181225810944,-0.16617184857924702,0.7109292400876133,-0.19103285045548324,-0.14197887489966182,-0.18869435321842673,-0.279534790252935,-0.22149130242101495,1.0000000000000002,-0.2958627940811429,0.556390168839527,0.5829665913852191,-0.07555218185768021,-0.21775770153986612,-0.1597666335025226,-0.12233037632685126,-0.014660391984814308,0.5819057469739605,-0.3168013988474076,-0.10511335595829574,-0.1386208347561666,-0.19403739511408577,-0.17554128525988827,-0.19924362347458596,-0.14020093070491896,-0.03155296762025686,-0.1383051028022701,-0.21698765852781743,-0.07293289818498735,-0.2562823032557916,0.0448930761002964,-0.20823587616822797,-0.17076002870482146,-0.06794085197226091,0.4815560388924795,-0.1232021628830904,-0.1440742933222153,-0.208524556410698,-0.30396207495417715,0.4407562330561174,-0.026060821724622964,0.635301555296637,-0.12292786503623662,-0.20472459201156468,0.010425816381084842,-0.2714883296617478,-0.19569130735093412,-0.26940735564994855,-0.24326565297073882,-0.13900881479940047,-0.1393286332630504,0.4005498118603411,-0.07412864382535625,-0.18518371548439763,0.017405485784164516,-0.16598012322738454,0.9645636064415088,-0.039541209639621905,-0.17353845334108736,-0.09329577434326183,-0.026085489713011653,-0.054211394232085895,0.005739701776820372,-0.1936974454117464,-0.252122550853087,-0.12073608492976157,-0.23885124647613581,-0.2106978275977703,-0.20794731036972308,-0.205362377743048,-0.060015231129271276,-0.16606669730391693,-0.2436283258929305,-0.23395444131221582,-0.029523505639904607,0.9555382242124711,-0.16700523892782843,-0.23527841567393615,-0.03367924852607414,0.27613238249570204,0.040586637064133915,0.39885811055330733,-0.27686964999327296,-0.22144866054363718,-0.24843226106678734,-0.002341204137895188,-0.10788761169240421,0.04640949413096871,-0.13382772876016857,-0.21885631097556552,-0.042670922065105914,-0.14652222150718616
Crème Brûlée,0.6083114914683347,0.6605826052164842,-0.22465821720046134,0.013965048546733088,0.28724919861098436,-0.2215603904345753,-0.2965145943755763,-0.3706355521197653,-0.2929052457316734,-0.09022519276927204,-0.1852721530981642,-0.2511319222813138,0.16187514568372025,-0.028590370482403753,-0.01686147738424793,-0.2595703546880823,0.3367114098754423,0.05458959580516693,0.16117823576978055,0.32439394752836603,0.05511641832171781,0.814088722964558,-0.33161676542072216,-0.2963730537392251,-0.27699684024412907,-0.31696360553382447,-0.11422550474668391,0.529633294443395,-0.09146822511894898,0.33492376328512946,-0.22426349759109127,-0.036800335627637376,-0.09894165930483224,-0.03934032263487416,-0.17676015451378566,-0.05356409957061638,0.18613567208003842,0.9389334997538954,-0.2958627940811429,0.9999999999999999,-0.09015482771313546,0.08037617534265189,-0.20511991906429716,0.036021814849940784,-0.11601585377466933,-0.17460762005429764,-0.30284418745958025,-0.16047159854026877,0.3597897477399251,0.09348703811128618,-0.10658839430357396,0.8315546827788991,0.1865466033938392,0.2749476649560456,0.7854743019324248,0.5462882419563313,-0.14941759010041597,0.06407760148534514,0.7098172239403671,0.14455950011735796,-0.1770303391111437,0.06101304476726647,0.05094661828008186,-0.19641866534981375,0.2096853147926568,0.6648268326981459,-0.14542802872089478,-0.08627764841623575,0.39519441516829906,0.2838105195212484,-0.2706539363253843,0.05034597667152009,-0.17105562775755256,0.2058263330904641,-0.2758880460805019,0.20201342645086762,0.12513478312860368,0.28222092458576675,0.9912646247928131,-0.30890947696007415,0.8477210661350016,0.27806079267473893,-0.10949146128314771,0.8998834899689964,-0.2850779929726028,-0.07031303416280386,-0.17562586016510684,-0.32324183341139917,0.05945306782219527,-0.10033748268566946,-0.1918439739472004,0.7280218320665207,-0.23841217855109365,-0.08411125777627154,0.09973051645079223,-0.21154991639799134,-0.06905800920070136,-0.12934783694305704,0.06908960129592501,0.03181283691247976,-0.26945572926439787,0.09278379562210637,0.31539860333003084,0.060216632715566897,-0.18850819118188272,-0.33200152963805246,-0.13434889153031554,0.14346834501822178,-0.27602640932073663,0.07546462990701351,-0.3257077916344599,0.3586888562620493,0.20243352342826218,-0.013507671992627207,0.9965320079999006,-0.2697072567073481,-0.07364533555652124,0.48390691673270464,-0.030990023770964385,0.20268965790104979,-0.1971773747882177,-0.1108897430905178
Diet Coke,-0.0033552318636644977,-0.3195509623009738,-0.2083512955337243,-0.17251217815720504,0.7760268034865303,-0.23325686942894502,0.2713000230811617,-0.3009217452476136,-0.27760066636240394,-0.08329166526741316,0.18298935557830942,-0.06293995102245725,0.3240732278470772,0.7455344696698776,-0.2383210632178258,-0.1617954366541474,0.13585898741737057,-0.3352297865060187,0.40851210528160115,0.391946327145326,-0.2711576924351532,-0.3432799262963378,-0.22245532344217941,-0.14237613907831237,-0.27086952404210884,0.4508168254359678,0.11469750121998862,0.43851622961885295,0.08034637961366597,-0.0944222694686416,0.6011500717032968,0.24918865827230371,0.862103156316438,-0.2388953602887084,-0.19416802538349529,-0.2386135969076075,0.20666091148769017,-0.21130313327464323,0.556390168839527,-0.09015482771313546,0.9999999999999999,0.8046777650473057,-0.2556683491608834,-0.16064700663387413,0.2624964328418816,0.1990463636710349,-0.25700063042787075,0.9622209100654824,0.14571850125495805,-0.2842575155469756,-0.043222983718100405,-0.31893492855218686,-0.267129580783091,0.45030929353117777,-0.24508493830936945,-0.12407203246156764,0.18005210749590767,0.048090356511925135,-0.4404272591080399,0.08219066918486259,0.3146626333469192,-0.06936204706711052,0.33510002115596904,-0.20937711450200264,0.8583382154730681,-0.4976145928472452,0.1771214390978317,-0.19897822203740018,0.31308746031830154,0.5001249748903027,-0.381875735804035,0.869559147022785,-0.15521370460141337,-0.2639044852322045,-0.39200494443365713,0.16941511247762894,0.39258336958848217,0.21993435857330235,-0.009999261042671993,-0.22186289132244205,-0.32541212352989096,0.8101183637597699,-0.204812736277517,-0.3018391930306111,-0.3012085159373243,0.045983889638478465,0.5151385730687659,-0.249734959769067,-0.2535745326105803,0.18036652583187568,-0.051987916290433527,-0.46318985431611853,-0.34940574890090575,0.003949362304688266,0.07601554757626618,-0.2781424294643633,-0.13729993272917138,-0.04980983565058603,0.35278289704395965,-0.306331965797092,-0.16586741892018853,-0.29209588779777024,-0.19311664047409846,-0.06454245818309937,-0.33965166518046563,0.4035251546217331,0.0888587876308834,0.3945816984751659,-0.2527529383404308,0.9204515780930946,-0.32948270721748857,0.7152384520771458,0.10536653022084265,-0.06412403648131662,-0.08708479122655795,-0.1442632421690241,-0.350167648234339,0.5165703318632159,-0.3645118138271487,0.43486109968357267,-0.06877427593094546,-0.04077473520278015
Dr Pepper,-0.2817601091992526,-0.4022708895576226,-0.2078331520975827,0.09530796730996258,0.5747650566022979,-0.3564490509814063,0.4240481932242126,-0.3886597773920967,-0.2984903771698353,0.010993500152768065,-0.11892763214889082,-0.3816068572165447,0.22964949383975097,0.8145199874856075,0.018603905300223295,-0.2748561478443957,0.3822744468083945,0.08328841520572097,0.2514841302850879,0.30214323178887076,0.11886921677634879,-0.16838936099722573,-0.2911164104947054,-0.2964942548893787,-0.30019112445988133,0.5162193909590195,-0.15034090710484518,0.7305201159899343,-0.027333675664548973,0.3124459153717559,0.7104706122919834,-0.05176263195275634,0.9524145949497982,-0.02249923273176164,-0.13376868690844843,-0.05739516166971924,0.20540026713419574,-0.06316755615112929,0.5829665913852191,0.08037617534265189,0.8046777650473057,1.0000000000000002,-0.20597075298942363,0.10968648422432847,0.020057987621058426,-0.0949544745381482,-0.41012865896556366,0.6908022294170754,0.29743801277109067,0.06628019056011875,0.020984042887158463,-0.12634170866952782,0.17981686679903078,0.2843089955015638,-0.2739187288489147,-0.3973014494194822,-0.12252225959183607,0.12625592977426162,-0.3269921384356382,0.1496134607874976,0.0034853314667248753,0.03789880950853398,0.059063824509633434,-0.10374344146633396,0.9060551211659997,-0.07798627608961867,-0.1354827248358951,-0.09556067104651933,0.3798577775288629,0.8589809588564575,-0.29118456688396044,0.9688431846579786,-0.1387419932742345,0.15363897602705745,-0.36635885932628265,0.13976625704003173,0.160664881902866,0.2567598226287145,0.1485678600994533,-0.3182392275318081,-0.1416363613490732,0.9501030463690894,0.01211578178932321,-0.13584655363123205,-0.30217581285859685,0.0501236506980209,0.610525111043654,-0.3497274438539264,0.05852394686031412,-0.07932304433996229,-0.26377269883827387,-0.1675154375121814,-0.31110518773172047,-0.020162132955063562,0.174558865302977,-0.22520677544030993,-0.04813353261634679,-0.057929072310155066,0.10294988473010241,-0.025189242069994424,-0.23288396460797384,0.11734022637818109,0.2483786095446493,0.07375904217939133,-0.32644934949277027,0.4747284238817605,-0.1255136089738749,0.17003346839152092,-0.2947618155600711,0.6612166913390528,-0.41281351051783877,0.9428202529082778,0.25634512129837617,-0.02633979638276649,0.08075593924272309,-0.3388246880212208,-0.11880515463094106,0.7808670821668794,-0.07945245837742834,0.2181629943398384,-0.18742057434842313,0.004031644092010726
Dragon Roll,-0.14070356276178098,-0.08184679687604482,-0.056205405707180515,-0.053955821871370636,-0.3257536786817912,-0.003948340615538275,-0.018289131334755057,-0.0001232793988887506,-0.05872211262032162,-0.1179565755251159,-0.18605085840231872,-0.06886361386271231,-0.22568580932995078,-0.2485417599709979,-0.06662101126403197,0.9550047640980712,-0.21906454923551943,-0.01685078066348937,-0.2782055606273122,-0.3136675422782587,-0.04051210306362959,-0.08028006204525194,-0.07102782234783928,-0.10071893116052984,-0.06095310226128336,-0.010731258484244284,0.5690977162004082,-0.24692372948083188,-0.17449032674412596,-0.14836634127002507,-0.11552663674847552,-0.23491073246881594,-0.13913319071529345,-0.0724276354283618,-0.10482544832427232,-0.06211173725891621,-0.3147736523885472,-0.15064022307257985,-0.07555218185768021,-0.20511991906429716,-0.2556683491608834,-0.20597075298942363,0.9999999999999999,0.838455693625245,-0.19799182663591067,-0.19669689498879855,-0.05905698107034325,-0.18795748882006214,-0.33270482083392927,-0.12754831391472915,-0.054677539605787195,-0.08755115209532216,0.6446567233119341,0.0475521692065775,-0.15463469723735068,-0.12979160638701626,-0.1789443452848643,-0.20994271685335245,-0.034264616677016226,-0.20918042471413775,-0.021717470122312534,0.8953265112900385,-0.2660472014738157,-0.07021737655431279,-0.2454402452420897,-0.021072980615604156,-0.17969971037328858,-0.07948702620174766,-0.319134837763034,-0.2471394774711609,-0.019129500244961448,-0.24619767172407986,-0.06986117265847787,-0.11950627828060809,-0.001163592112126079,-0.31480722744236483,0.3650290881830431,-0.2812010258269348,-0.28168718601825754,-0.05802232337590359,-0.07021896866028612,-0.24902885569696692,-0.05923255493456639,-0.15380919575935825,-0.02649394768166953,-0.09450892584796748,-0.08987656023685933,-0.02953797694732263,0.8606281368500913,0.6583543304438508,-0.1345188705526367,-0.03287079985253446,-0.030611838983525458,-0.15898746641914793,-0.21343053836197687,-0.02609254790009843,-0.1674012205350821,-0.1452470355584194,-0.28852782494322565,-0.05422306042865524,0.9683691779501825,0.7475325070910389,0.5822361723459852,-0.14974145066397407,-0.10471261820203895,-0.047092742606275544,-0.2119577151645357,-0.32057876901372795,0.9816740781937081,-0.3065098221655343,-0.05895651732403878,-0.28407392410299337,-0.21419207580689997,-0.15952097937751247,-0.21511062658220442,-0.09271789200971128,0.9338405959802811,-0.28773670006979474,-0.024157982791072057,-0.29825347787359496,0.9043382673173099,-0.12853056533325644
Edamame,-0.3641398637080204,-0.27578904126375664,-0.14255439222664637,0.1580610818582484,-0.1532344632210381,-0.2362146575264507,-0.15162373281733163,-0.23478208729720174,-0.1271484250021157,-0.004600171808236755,-0.30422794349309906,-0.3515062318237144,0.007255192727771347,-0.19048874267938287,0.10818757040927239,0.7231597873310056,0.2600399200672615,0.23345968111765114,-0.07314695560704884,-0.05075973648108879,0.21171506427924716,-0.01771307183629327,-0.1768885677785497,-0.21721954756412887,-0.133898638408002,-0.17083078230357648,0.3131982804856532,0.20798795520483015,-0.15072441179059132,0.3016575440792428,-0.13069037712504455,-0.27225275693259465,0.05906433922388803,0.047439233612410626,-0.07461993646404255,0.026613907603007667,-0.021744711715998608,-0.005853289331290649,-0.21775770153986612,0.036021814849940784,-0.16064700663387413,0.10968648422432847,0.838455693625245,1.0,-0.21838050158969874,-0.30691326077862735,-0.3181045592334939,-0.18649147166674845,0.055007211654972424,0.08955139988870349,0.12673912722253175,0.03740079094705175,0.9088255735821337,0.16955563489028913,-0.2098045993849601,-0.4049152062265225,-0.3237697109844627,0.04600159775696044,-0.12525368741790438,0.05801031026929107,-0.13460834466407545,0.9398842441933529,-0.2919744083235089,-0.044581722495125875,0.021658577750330962,0.1437049082817085,-0.33027247126400455,-0.032957619026413754,0.0732908556234989,0.09521450875364898,-0.13060619945436372,0.012458856519759268,0.006562611061174969,0.20241140574648928,-0.1943068673202122,-0.0710584277095136,0.384169239319633,0.016487078644667995,-0.02813601244443006,-0.16331008719975382,0.00841262452278598,0.09260648866678423,0.06491487194117483,-0.08609828771492407,-0.20557822973532447,0.09491366537853466,-0.18008878987479976,-0.17347840642851595,0.9811139992981774,0.46544927855611434,-0.34836781574514647,0.008333270142057432,-0.1941743724190724,-0.0074474321682108605,0.08419716809796676,-0.09681571189784303,0.025310791606637982,-0.004434134382739494,-0.19852362946808905,0.09781027223267852,0.7590040524222366,0.9489219928888457,0.9005464964566038,0.000343981136324036,-0.24582030759292145,-0.2153641913851682,-0.23719504011037335,-0.17105010042932886,0.7259769068143831,-0.19309551258097069,-0.29932744313306103,0.0960609711284337,0.16448218400128084,0.019451721359595678,0.009874832472471775,-0.35028214894147364,0.9005965447282467,0.1665060524569599,0.07112689907521969,-0.1967305921157192,0.664913084948797,0.03717094230419275
Espresso,0.08311182435395054,-0.251055231078335,-0.25817972478644186,0.5030720949091106,0.4747723104967187,0.05618627374846885,-0.3306351627784099,-0.020028296288086375,-0.29483884125913823,0.7284162045969274,0.9704197911938581,0.3424626032202275,0.14070330018677332,0.08075212210759244,0.47921234302090593,-0.16164739366118397,-0.09763222216011976,0.16396300580501783,0.3181983717704294,0.35904881394850446,0.29619980248835953,-0.42227077191818624,-0.20627135797735746,-0.15627868614282037,-0.2340300812663858,-0.2394523199198079,0.355233833397514,0.1752601329835745,0.9217942044121783,-0.18122182648477483,-0.17371020369384477,0.32673682636257606,-0.035541289141235916,-0.3048452464905047,0.6386059921107221,-0.3117667758618503,0.05896082299362408,-0.30245318862715714,-0.1597666335025226,-0.11601585377466933,0.2624964328418816,0.020057987621058426,-0.19799182663591067,-0.21838050158969874,1.0,0.9772715735084889,0.03496943467934217,0.18989648813639037,0.05948583570452298,0.3710194103937726,-0.3838441385530976,-0.4344306781978164,-0.3372759128533181,0.49391575428343065,-0.2930674011842983,-0.0687376125204763,0.18343453791715758,-0.10368726365320916,-0.3557939416033725,-0.016608820617363358,-0.023959768669572917,-0.080857535088148,0.33389295391037627,0.6090352087053484,0.08765083531361034,-0.43241509606401224,0.18687079978201399,-0.23714844916434033,0.1457191049294888,0.019483914755489357,-0.0917147975208806,-0.005253535473781684,-0.4105648343377093,0.31125408790611997,-0.0794138142760134,0.05448811881285795,0.37009840734529853,0.1568135823484148,-0.05277978519433964,0.5255776171772992,-0.4054717213750571,0.1749190013083,0.5173721947551901,-0.200579591909186,0.015722245689226186,-0.31526469188461714,-0.1769042018046914,-0.2219348341103164,-0.23977328875776205,0.2655859213183823,0.24412268485330638,-0.4021667252188384,-0.019695510639628995,-0.24592907918125828,-0.06611465083701354,-0.3095304471422064,-0.29360111324164384,-0.25320396692044345,0.32415583952946186,-0.3606572848903308,-0.17212382906871962,-0.3172174409020343,-0.22692247360325749,-0.12852429794758408,-0.08304685556496127,-0.26851029088658007,0.14204420562775766,0.33349895573774874,-0.17942041688198437,0.416331102048791,-0.10349808263644103,0.09286947564916787,-0.17714008811370469,-0.23328279836639837,-0.1445227511409745,0.19026210939605576,-0.2773409701633937,0.1908555671340632,-0.4211432848292265,0.4590273068188994,0.052768340778889075,-0.30025583625480234
Everything Bagel with Cream Cheese,0.13106916578538996,-0.15188610259096175,-0.22423822886018996,0.4996279122457545,0.3495872743498739,0.12181367011107477,-0.301601521699969,0.04249224783640432,-0.22413003661584094,0.7400899431650114,0.9970059058896772,0.40264286886877043,-0.0053877967908956825,0.012238539428611361,0.49459490152557656,-0.14223047819407003,-0.265699508472464,0.1665542741154113,0.16921894171395185,0.2124596806850932,0.2853812283118109,-0.3743791808743493,-0.14298526645619725,-0.1064880418920828,-0.1687789797889909,-0.19635809930125903,0.3241467236683527,0.007100421413054933,0.9321867480658996,-0.2924423075945689,-0.14312412095697286,0.28886058025332706,-0.10353811755521519,-0.31190223711149373,0.690018246917832,-0.30641908547917746,-0.04607713484567215,-0.30556023651771586,-0.12233037632685126,-0.17460762005429764,0.1990463636710349,-0.0949544745381482,-0.19669689498879855,-0.30691326077862735,0.9772715735084889,0.9999999999999999,0.09899346162336636,0.1733507309879742,-0.10641383123541812,0.35777153778978976,-0.42668518457256044,-0.4076811789143611,-0.4102079862024906,0.3458601686308003,-0.22965360181006536,0.025654716472169048,0.1698867953737949,-0.17570375244319708,-0.26944605570576097,-0.11273581175136385,0.08861871947976208,-0.16014662679286712,0.2648694100989573,0.6516190862354673,0.017171537885930704,-0.40420411215597607,0.17453912374800984,-0.23558387165513667,-0.03241414810361297,-0.10080033219324094,-0.04661945517747767,-0.08486777709184057,-0.4203334895292855,0.26724042058465025,-0.007366915363708662,-0.03035843504932663,0.24707755363139094,0.03348145079232634,-0.12356146119531368,0.6309750213323843,-0.3720763843357704,0.0412684327877724,0.5402567404915507,-0.18286900200637837,0.06351858254208934,-0.3736271957275992,-0.17575411805215402,-0.14549474755441438,-0.31049212126053183,0.20791903074449403,0.25900986936744413,-0.34993306376668726,0.035877213969458935,-0.29949320509559263,-0.15407433257799058,-0.2702055564614091,-0.35119708095717783,-0.2971112058615219,0.23922995484487747,-0.3697352883709222,-0.1618566874204735,-0.3864564409163213,-0.3381115260417529,-0.17441593375407125,-0.043320281951933604,-0.19418856427419925,0.12497054365255567,0.23030893827995924,-0.14652836772681865,0.324752182211379,0.0015581421918263033,-0.0493077846245657,-0.30696873491970994,-0.2588896145379374,-0.19285765389778955,0.23524507735518901,-0.28322130586556493,0.03464818284413422,-0.40777753125688515,0.34227031429171234,0.038279053954739184,-0.35678914941996126
Fettuccine Alfredo,0.12317870806668765,0.07047652250712923,-0.03460103212156151,-0.160281270435006,-0.18626757854371198,-0.1254097934681737,-0.027211075843678725,0.9876648591648801,-0.1079047684744206,-0.12312098814333208,0.11071582031343552,-0.043878864467733605,0.11983420152953982,-0.1182978809184528,-0.14399928904483755,-0.06937325727052238,-0.17803253502106667,-0.23569231368446095,0.15257550454297852,-0.2735455185071412,-0.267679649038784,-0.2259243252555976,-0.04192379507254956,-0.054483528863918225,-0.07100760639928867,-0.011655940739525555,0.21375665120027243,-0.3980433383890279,-0.008922528111777586,-0.4820783799617277,-0.08803682034125195,-0.048610154514452025,-0.3651646890277512,-0.1833850546600604,-0.09471538397077234,-0.1772932806060946,-0.3824747706817164,-0.2718471835488929,-0.014660391984814308,-0.30284418745958025,-0.25700063042787075,-0.41012865896556366,-0.05905698107034325,-0.3181045592334939,0.03496943467934217,0.09899346162336636,0.9999999999999999,-0.19565906581909134,0.13250015726876097,-0.30635599340117664,0.0028089389501564452,-0.27476297301969793,-0.38505838630159744,-0.12711424029161295,-0.12361153378199306,0.1333381012699016,0.061312633788702456,-0.4354584657753318,0.016752422330290784,-0.4305540926299208,-0.007430277687737422,-0.2576026917788369,-0.014211023293013351,-0.11782310082141062,-0.3932779734312806,-0.1421835824479102,0.059403873398670225,-0.13686706529952547,-0.07767047218168714,-0.30735443147622854,0.9055582040511406,-0.41439280096384895,0.24269200763313092,-0.32258406087115743,0.9382879032162406,-0.37936170821460125,-0.1561500027701343,-0.3981166569225641,-0.29855050065889877,-0.026557920097126167,-0.2392456476226643,-0.38999704267926005,-0.1694608977239233,-0.07221942711625604,0.9578411051987566,-0.05692620021225421,-0.10211380325869815,-0.02989865944066424,-0.2526660547584931,0.03457052749561275,0.930085915553965,-0.050445319102135074,0.9334007520517171,0.2807521602362757,-0.45546522390695204,-0.04829111789668032,0.38700403670679095,0.357631447806959,-0.17904936035751554,-0.2233976879912935,-0.1065564417465179,-0.3121528984534205,-0.4351704170051909,-0.2044786181578093,0.9583469556580153,0.04092080331606362,-0.05566827026189404,-0.24673583915851535,0.0028394530145047815,-0.14448895386942806,0.2324500493807025,-0.3932719804058604,-0.021851458420576148,-0.421196067605865,-0.29442296171069765,0.9714155840680174,-0.12181603924620649,-0.3836368020617338,-0.16852491796144153,-0.07003861872671216,0.06222256239616354,0.2776449166331312
French Fries,0.03423302750511213,-0.22208501317852314,-0.17704091665296484,-0.22692735551395993,0.6407375371804792,-0.1551889420266146,0.27716267884391216,-0.23773206286553603,-0.2562317636887427,-0.12379301507583626,0.1702560219364732,0.009480348934716498,0.23076459459936208,0.635100394030961,-0.27210273941911245,-0.05370818669251661,0.011684933894775106,-0.37274934617028654,0.2824037969992736,0.1924334667303853,-0.33238885534174945,-0.28239244252325746,-0.2237813031751848,-0.1466733687901687,-0.26787329417600036,0.48299839105933573,0.08515280808125028,0.23218642779909004,0.042271874590735226,-0.2676147950235382,0.6244046872189242,0.13966189261152984,0.8217937235622763,-0.2578733843164024,-0.18147244798370515,-0.23934232884704945,0.05379218160855082,-0.2028521181864614,0.5819057469739605,-0.16047159854026877,0.9622209100654824,0.6908022294170754,-0.18795748882006214,-0.18649147166674845,0.18989648813639037,0.1733507309879742,-0.19565906581909134,1.0,-0.004622660702737182,-0.3587779981026495,0.018843538242357336,-0.26500335286171484,-0.30239053756901413,0.2908488629533694,-0.1639275842832389,-0.025406171423221352,0.15565994811450284,-0.07671809668084884,-0.3670994413030634,-0.07723833077980596,0.518274330387732,-0.08773103272084193,0.24419116380132852,-0.21335259995169079,0.8147327939844097,-0.49726366599212485,0.1550618322531401,-0.20663858556034734,0.15810873955815197,0.31890839587523806,-0.3542161975220377,0.8063748324712714,-0.06542333145195325,-0.36651595430457706,-0.33398904138788466,0.027105473561441676,0.304920451648185,0.023474577578109397,-0.10207376392344288,-0.11678522099861893,-0.2811566290413922,0.6717860607913388,-0.22773693835317993,-0.31756602442443405,-0.2755712298961252,0.09100134317036562,0.48693830081006845,-0.23041627654122973,-0.2787058144946971,0.16237239746826135,-0.059012830958444375,-0.4391162739524199,-0.31951234323355154,0.04513178021325821,-0.0645019218551946,-0.2418949475901817,-0.12229487527268403,-4.513018895641735e-05,0.213555169324417,-0.3276344808340111,-0.07220113140314058,-0.321154291340902,-0.2826823181303632,-0.12973390526567188,-0.307188368844345,0.46341609834083186,-0.004018029533082786,0.24625128745221497,-0.15688713682108812,0.8410311671040043,-0.3203738170341398,0.5575328944298793,0.04856499508633029,-0.12056639218458784,-0.14346520588263195,-0.12196701472889479,-0.3067360818303833,0.3288276208966893,-0.3657326094979275,0.2860404085787788,-0.03978248418604192,-0.008581761676353265
Fried Calamari,-0.05766775252558508,-0.22991894953962433,-0.23784067716586602,-0.0492173556838418,0.48245577148990976,-0.28425319771207536,-0.2878068268592246,0.11491194349395317,-0.3737553532517767,-0.10069567339747605,-0.10148204899026886,-0.24068021214375857,0.8803400525679235,0.10630004524512654,-0.10733601683215424,-0.3720465369171632,0.9084617865055998,-0.06723667780013222,0.8427893536032764,0.5460233020852274,-0.04087816967456096,-0.04739204346445956,-0.365082377484169,-0.2832078825927611,-0.36363589022592413,-0.35404731652763965,-0.11366103644079252,0.587017267174001,-0.05382699082858406,0.3334251563439525,-0.29310507174048755,0.06265311801883909,0.09931485045668464,-0.0845245052967013,-0.22879524293745968,-0.13183873289712264,0.3829474138965294,0.17835276973941253,-0.3168013988474076,0.3597897477399251,0.14571850125495805,0.29743801277109067,-0.33270482083392927,0.055007211654972424,0.05948583570452298,-0.10641383123541812,0.13250015726876097,-0.004622660702737182,0.9999999999999999,-0.029332422147147104,0.476008277952686,0.0636794633647656,0.04303929625973428,0.4847548544429829,-0.0589409520770911,-0.20684527330260558,-0.013267116368105805,0.17751437134768866,-0.20871113824510817,0.2565070181956927,-0.35727492966431296,-0.012500994847218309,0.22826445998450118,-0.23385354483052273,0.20368140882963673,-0.04123938089609609,-0.014063691152222389,-0.11890367331197363,0.9560114769145477,0.3107604399960118,0.16271143783398745,0.18719353749986467,0.4273295064658042,0.11034843003367928,0.05309950432514839,0.2818593339490031,0.3158160400624181,0.3794570119735784,0.4136914870049015,-0.38911038844828066,0.003373929679232077,0.4169771792060125,-0.156900898509708,0.06308298068475549,0.13865691353858992,0.522268535196476,-0.2076298800111626,-0.41532133262613186,-0.02857820043677104,-0.023954182509264225,0.2803690441543675,-0.11039099545244142,0.10710327105384308,0.6495395216774479,0.2387508484179411,-0.262198268054521,0.6931316932395091,0.6299788499366954,0.27965309758212903,-0.0704533953266607,-0.3630986029905172,0.0006411733893623346,0.17807364014718172,0.06644795681936709,0.26931576293629494,-0.4600697545996023,-0.02096212435664919,0.37095544693429516,-0.4587206927160735,0.33421361830846574,-0.5189500949452199,0.47926080112775565,0.8596452384205152,0.019825084102436275,0.33352341670355923,0.15209049456283852,-0.288227750321867,0.559022309935431,-0.16301277136431608,0.43672504402059564,-0.2684556025024453,0.6397917162644788
Fruit Smoothie,-0.3569239835631694,-0.15243549715530563,-0.08057972398636576,0.8893502460334859,-0.26509387549239893,0.2219430100122558,0.004466968585716324,-0.24045350976351448,-0.10115814832926293,0.8457589603461113,0.36325950710825494,0.08685042340826488,-0.2878510834015847,-0.08267205886784446,0.9158295373940795,-0.2891473773895439,0.09733238716507736,0.9225464181538882,-0.3136578534121244,-0.17740442989739932,0.9601041030572597,0.11171328498443074,-0.16367176131730604,-0.2721456687088134,-0.11090053778062511,-0.08053616810943204,-0.3960783999742987,0.23316765584066346,0.6312751678169167,0.3314935864715513,-0.021110207204174614,-0.3866357183871326,-0.047977409233095736,0.15259646903826615,0.8494328676340667,0.11867997851843118,-0.12239349860687739,0.05913746237814712,-0.10511335595829574,0.09348703811128618,-0.2842575155469756,0.06628019056011875,-0.12754831391472915,0.08955139988870349,0.3710194103937726,0.35777153778978976,-0.30635599340117664,-0.3587779981026495,-0.029332422147147104,1.0,-0.09142412364300499,0.12127914390388028,0.33215199054418587,-0.25046611159285803,-0.09272410504724868,-0.33731011732876504,-0.38514261748794604,-0.034139163558733865,0.05261682201470995,-0.05439135272087417,-0.28883438785581095,-0.09376145490392954,-0.34733783212446817,0.8862111387617739,-0.03590043674398624,0.3936572300225385,-0.3912358721309703,0.03568797394492072,-0.08311423202500096,0.2509669832168442,-0.04913284858161547,-0.027571897845406867,-0.1709639789369518,0.9611063474655288,-0.09394599443347107,-0.14340480543236325,-0.37682529181267965,-0.06794573056054024,0.09536371431663512,0.6491914958860342,0.10727952767441895,0.041142078937629445,0.9361990378425187,0.10065996254698564,-0.13264842590337408,-0.1565468472416503,-0.06132404292921245,-0.19871549203679023,0.1420936380931811,-0.4300937361177679,-0.3634602036570143,0.2351959883117429,-0.07958626268345628,-0.23285417222868338,-0.006827498917549538,-0.01963638182197542,-0.1407163361773579,-0.21202425523531943,-0.34757471857393674,0.22501669010572287,-0.23364035080048323,0.2738567931700575,0.32017268504785507,0.06488393609126245,-0.16072158586000782,-0.06314162102607196,-0.3309041325492637,-0.3067926639892295,-0.2120373373017026,-0.3555696777624637,-0.13612677144584068,0.11184071164440401,-0.026605596761634445,-0.0683005289380668,0.09237459723932337,-0.32127095536149186,0.08511899755820146,0.2168163009813776,0.22013169715316067,-0.2688686573221467,-0.30365944274717943,-0.1721547667660106
Garlic Bread,-0.35820785267969124,-0.22589833601405518,-0.06758515513937248,-0.22943783792806804,-0.18372008210131277,0.2858502207252558,-0.006502742573194772,0.04805434808177608,0.0364001361637747,-0.2588098207982944,-0.37487304668860855,0.15130534308297514,0.5725633793543533,-0.24399667948764614,-0.19550461798169844,0.029209171920187987,0.6612657891526481,-0.03988982952519317,0.33195814127624135,-0.11866348508991968,-0.09157606122195254,0.010767105775860202,-0.06832716253342938,-0.006497444148287592,-0.06024337035296952,-0.10426302087615939,-0.49233078883036724,-0.16333973964205356,-0.3456802662811777,0.053217252081084465,-0.20993375855518995,-0.3096585140166547,0.06625223713206772,-0.05505480237003438,-0.14922140996460462,-0.056172265539725943,0.11393032796458567,0.02464603873677113,-0.1386208347561666,-0.10658839430357396,-0.043222983718100405,0.020984042887158463,-0.054677539605787195,0.12673912722253175,-0.3838441385530976,-0.42668518457256044,0.0028089389501564452,0.018843538242357336,0.476008277952686,-0.09142412364300499,0.9999999999999998,0.14146251177612026,0.10993070535353179,-0.2371814810030052,-0.02273893005957337,-0.24850340001659443,-0.2367853900197751,0.13331514802727504,-0.22880819117958273,0.04070936728213028,0.09163655937285572,-0.04142531957940118,-0.26315235664242875,-0.14685912486260258,-0.02936500937386351,-0.125472658993174,-0.22779433927453652,-0.09451200898417864,0.446417150492928,-0.27868842510493186,0.015727908768340487,0.0559370461312476,0.9644516580066534,-0.0928764712136868,-0.04198786705935931,0.021907018277168205,-0.10106072216360769,-0.11529455829798056,-0.11891899103343977,-0.0009588297053287967,0.00985550564086284,-0.09183731555082535,-0.12781582625797516,-0.3102552775198045,-0.08450699648958768,0.9846705886630066,-0.14717880118158397,-0.0735884708345119,0.006696957891940087,-0.23347931230830754,-0.14653171344152913,-0.22029730830011263,-0.10623955412373015,0.9310109803947456,0.12173861413332544,-0.053207397287946524,0.8730883685592561,0.9134451922373351,-0.13420702543030438,-0.019791293034574532,0.03786349664810758,0.0841772685194645,0.01614808482652321,-0.1489154005083049,0.1041954593640325,-0.20021551163077417,-0.20377330773843164,-0.06554367736501202,-0.12005109731621783,-0.14171145346256075,-0.41701328372070956,-0.044384597354040475,0.8425587863773196,0.24288481852743737,-0.08057062481365915,-0.16577449076468406,-0.08041319190219907,-0.15200577372429283,-0.025225127071659942,-0.2704350610051301,-0.2640749717592716,0.9424330937872958
Garlic Mashed Potatoes,0.4902526906970145,0.7913237667123014,-0.14633431362784144,-0.02302962885997085,-0.19244885743048804,0.04508809380751227,-0.11887261511338716,-0.30224466953114426,-0.07666887462932635,-0.15855520898105588,-0.3932792408492973,-0.12694296020571905,-0.0985933303038545,-0.2519805756415651,0.003118883971730376,-0.1159136285877114,0.16805223901873542,0.1648278436213172,-0.21935496864483486,-0.1502310296950642,0.10338223465855143,0.9871197498607283,-0.1891913290627946,-0.19571670349363704,-0.11641052431443201,-0.16680350111336964,-0.4016357261568015,0.10829574758280015,-0.2713471901566216,0.19794212914919435,-0.15302766098600054,-0.34883751535903074,-0.18629821721984835,-0.001851161003950743,-0.10820765454590245,0.006591342523261096,-0.05451276755079325,0.9648982309415234,-0.19403739511408577,0.8315546827788991,-0.31893492855218686,-0.12634170866952782,-0.08755115209532216,0.03740079094705175,-0.4344306781978164,-0.4076811789143611,-0.27476297301969793,-0.26500335286171484,0.0636794633647656,0.12127914390388028,0.14146251177612026,1.0,0.25647718631809324,-0.243612773594412,0.9121332220910103,0.593442843339906,-0.3722947835904607,-0.03430300424009006,0.8709527246672493,-0.05557935328908169,0.042169926730250266,-0.0187394155191363,-0.3306832355229773,-0.1240520366628444,0.03662745291601913,0.8103981112136436,-0.3649543793662538,-0.07626476417819926,0.05249639096957038,-0.013054909674198041,-0.20630603671055062,-0.08266028248844491,0.11710474840602547,0.1665189877300283,-0.1794389443115303,-0.02494516163330587,-0.2574519581196976,-0.07174243082391472,0.7767695214637308,-0.08942695391796095,0.9872426578286501,-0.05513735837606562,-0.04721261026486774,0.8517683916193831,-0.2788766155025788,0.1144476644718998,-0.14288685990678313,-0.15457869731382165,0.07647494725833803,-0.33930171109445567,-0.3668612658741423,0.8615857894317039,-0.2082949883265569,0.043403046565416645,-0.041221073103570746,-0.09521046545027356,0.04822395211364035,0.015201359313213177,-0.2892130410551982,0.0991031437398751,-0.12589086541469177,0.1608903153126381,0.2438555681645147,-0.07124583969255122,-0.1436247307891009,-0.1456964472253725,-0.32018017644854757,-0.23308289471276353,-0.1285457316801635,-0.3113753438247999,-0.22421844516215264,0.04339280959358434,0.16063280769612803,0.04305118239972074,0.8633328353417904,-0.36454672476582456,0.06024450144575945,0.08331200459402592,0.09892265120918221,-0.29833188298981717,-0.26343777342947017,0.04070242295535808
Green Tea,-0.43475651572792967,-0.1758814690573756,-0.11538259434798112,0.369518844820832,-0.3085137478366559,-0.301170500649046,-0.07998357256617591,-0.2785391246504612,-0.061997405239050785,0.11944505579267897,-0.41247899793818943,-0.5201214139766525,-0.1728201887952005,-0.18394299993312796,0.3295790115434678,0.45749518914683895,0.2951061262448053,0.5265348385756398,-0.27812476975146655,-0.16981004466559485,0.4760193537723176,0.2089864692687719,-0.1543997662580243,-0.2575480877764915,-0.07792975249329026,-0.12130114570361149,-0.023058633791660777,0.3132156395652488,-0.1426201160303802,0.5053614197422864,0.0003034170642518749,-0.4451810985865327,0.09549281788494537,0.19452541557232758,0.05546994317733547,0.16391032762727553,-0.04113143188253238,0.17137428235356345,-0.17554128525988827,0.1865466033938392,-0.267129580783091,0.17981686679903078,0.6446567233119341,0.9088255735821337,-0.3372759128533181,-0.4102079862024906,-0.38505838630159744,-0.30239053756901413,0.04303929625973428,0.33215199054418587,0.10993070535353179,0.25647718631809324,1.0,-0.08640992770170478,-0.08486582793148713,-0.4270540139518503,-0.5058883965256483,0.08011014173402142,0.07820299547813743,0.05979402129047388,-0.1408695233074398,0.7450223124515029,-0.48452530390150467,0.08457161867101448,0.09123865310975457,0.4811276306719749,-0.5176193202737911,0.0491513025983419,0.004841805974059796,0.26821966693411853,-0.06565257479974754,0.07813646811377882,-0.016731924379512902,0.46931563382479424,-0.14602622026707884,-0.08473432878421769,0.03869851268556813,-0.0026046489046286725,0.1141712579860645,-0.0884971459655146,0.2215409705445125,0.13489122286513694,0.2526602982711067,0.11942928465607494,-0.19783921408719551,0.03597207069611915,-0.13908133068541173,-0.16425802625097438,0.9263243632434096,0.08662390159433095,-0.48151053553274253,0.2910358353307868,-0.14648173755762328,-0.07346646472614425,0.12024454469826817,-0.03600952219220108,0.024290966948603467,-0.05450696122890864,-0.3716967374964721,0.281477549481685,0.5054283281752657,0.9867328854528191,0.9662924037040823,0.08058770692406508,-0.22408906847366902,-0.10552558677910492,-0.3462229374943455,-0.3347970986694818,0.5086873059722707,-0.35234869108118694,-0.24922819942195157,0.18499519848625326,0.16535107294866355,0.06450900539344535,0.17045907069857907,-0.4518895391459074,0.8438269443412048,0.2831141850829707,0.2651772769202742,-0.38096484496620625,0.36398075007874225,-0.002487331485280687
Green Tea Mochi Ice Cream,0.3150192724472479,-0.16612457017924662,-0.2362466544136263,-0.16982947459653883,0.860431309204149,-0.2758813438980933,-0.32987692954297004,-0.21240375778046625,-0.426946184973438,-0.05917349103893918,0.32128826238647196,-0.00701051946371703,0.6008814511607559,0.3026104685956651,-0.2607786461679784,0.08762357443205146,0.3137025198768014,-0.4217870560941224,0.7560157377002562,0.8033751734561969,-0.30839136688219676,-0.27684325868334064,-0.30931401948072157,-0.1728479216499163,-0.35510541168830806,-0.2734574763779856,0.6664747769874867,0.5653889970719905,0.19391556239570437,0.050448403014743584,-0.24811392077068745,0.5337651094517959,0.13761041201299243,-0.25946104789729396,-0.25392176259589905,-0.28140086304979245,0.38723696314783224,-0.0037976129363229963,-0.19924362347458596,0.2749476649560456,0.45030929353117777,0.2843089955015638,0.0475521692065775,0.16955563489028913,0.49391575428343065,0.3458601686308003,-0.12711424029161295,0.2908488629533694,0.4847548544429829,-0.25046611159285803,-0.2371814810030052,-0.243612773594412,-0.08640992770170478,1.0000000000000002,-0.12640107883198148,0.044962102244329456,0.38067397790208934,0.12611164332616598,-0.303069292754142,0.29913983854083087,-0.28958087874878763,0.3772108912262446,0.6509922396191823,-0.25629160619760205,0.2674833484249286,-0.4195876703003644,0.3840594682177218,-0.17456968327514286,0.635547028483982,0.2755154175849804,-0.30248369845150097,0.19615245452383634,-0.3244374764414098,-0.17119443561816067,-0.33211971174037197,0.3564269126196133,0.9179042339722016,0.5346939924834009,0.34125811781480087,-0.41021545930329995,-0.20922249370409002,0.5022052739655942,-0.2814409323950398,-0.000731484876920136,-0.1789754482577939,-0.099880937360996,-0.0823335012726859,-0.3272515576615826,0.09891784361323554,0.6996926019393888,0.22378922340320437,-0.3432285506141347,-0.24376525940661906,-0.05896479496952001,0.18674721976399658,-0.3161809462077431,-0.13541910451535139,-0.11870013320241284,0.6454180146072201,-0.313918684256156,0.0786719823448131,-0.05273195545392622,0.1415478342317135,0.04402468219981388,-0.2106128480039814,-0.40902340470002374,0.28452651406907953,0.6879122862468202,0.00703803438408331,0.7102180587806629,-0.341345469777179,0.44737955077006714,0.16509194556617326,-0.09437359624968165,0.22297514992533957,0.0641438336253021,-0.09444068744508169,0.520681446031988,-0.42236999175554424,0.8424322575312724,0.37308776271146665,-0.12144697856975929
Grilled Asparagus,0.7819423199887062,0.9511449039445639,-0.1338505255138918,-0.22963850779456227,-0.06724229583650901,0.15667699749393074,-0.11475363299784806,-0.20366698638519143,-0.08260273265931949,-0.25546820302244905,-0.2167080293036287,0.09432069099976849,-0.09463897876685572,-0.20814203440161236,-0.19286396404875322,-0.10368747160313406,-0.07283330915628149,-0.12901299292326435,-0.15374730171725304,-0.09431407277062856,-0.16513585647481865,0.9350194438075153,-0.1438735994581176,-0.10152327028486163,-0.104822242905443,-0.1295851029275499,-0.18820508638160466,-0.06623513292004246,-0.23261370870380066,-0.08337054807389148,-0.19523381116075136,-0.13961725543468925,-0.28964991301620946,-0.14512328358058932,-0.18562724393400004,-0.1180199716367201,-0.09788972356710589,0.9266806118154495,-0.14020093070491896,0.7854743019324248,-0.24508493830936945,-0.2739187288489147,-0.15463469723735068,-0.2098045993849601,-0.2930674011842983,-0.22965360181006536,-0.12361153378199306,-0.1639275842832389,-0.0589409520770911,-0.09272410504724868,-0.02273893005957337,0.9121332220910103,-0.08486582793148713,-0.12640107883198148,0.9999999999999998,0.8684536657380054,-0.1540126602254834,-0.12770271122400503,0.9085787092938628,-0.12217637226219305,0.09370487202396438,-0.1404005903346309,-0.12339668918965359,-0.2100578915143539,-0.05279662636972838,0.6154307719763161,-0.14047455864638853,-0.14366962290108243,-0.03436388544060556,-0.1827790158706067,-0.21825516665673614,-0.18935407459725792,0.010762099084027836,-0.10652786067636172,-0.1384810517690208,-0.03513053956499666,-0.13705547607737886,-0.10007415361094463,0.7475828708756986,-0.0980651180543598,0.9355055372510207,-0.1605247913621623,-0.21358513349786318,0.8586789710685652,-0.2141939971854294,-0.013810789762421732,-0.10054693255833738,-0.08986472332381452,-0.16406115238708188,-0.1741369375343155,-0.15966478878519152,0.7823358783766152,-0.16666497837901906,-0.04445928605589779,-0.15334825915518233,-0.11741232656360243,-0.0923632755165954,-0.08428160442337457,-0.1377518656337635,-0.08155925681018149,-0.13797448561129433,-0.15064193046613328,-0.076325349829752,-0.15592187666484197,-0.09235169551499091,-0.12372887749170361,-0.1765463857749444,-0.109092789140351,-0.1285604932465426,-0.18150766564001716,-0.10256138477212248,-0.0960933871406314,-0.036222565106429766,-0.04365529089138477,0.8207820964416472,-0.16927886282371124,-0.12162751980775612,-0.09166535345982232,-0.07087585940014722,-0.13629205072975645,-0.18663637457732238,-0.08176705199843597
Grilled Atlantic Salmon,0.9572943878229522,0.9353869869976047,-0.10609610704246775,-0.4147057303784946,0.07487178160550981,0.21591410721627163,-0.07451142777993452,0.013018983656971649,-0.10646020274876355,-0.3164929869685471,0.03337340234874956,0.29492166433603617,-0.09432358448027964,-0.10505425389033883,-0.3772249443851997,-0.011837100940413537,-0.3723559304270719,-0.44388917284050594,-0.06333563317982822,-0.046327959534237614,-0.44505251991523,0.6603284582896298,-0.08910237036624273,-0.006989966370315353,-0.09771729729731579,-0.04014456302604376,0.16661695408119295,-0.263853303219501,-0.13945630262753386,-0.4260015045685135,-0.18452964203961686,0.10531341774013124,-0.3559324413957661,-0.29568701704689926,-0.24561876762400117,-0.2532352376904085,-0.1859310075223336,0.6634960117093237,-0.03155296762025686,0.5462882419563313,-0.12407203246156764,-0.3973014494194822,-0.12979160638701626,-0.4049152062265225,-0.0687376125204763,0.025654716472169048,0.1333381012699016,-0.025406171423221352,-0.20684527330260558,-0.33731011732876504,-0.24850340001659443,0.593442843339906,-0.4270540139518503,0.044962102244329456,0.8684536657380054,1.0,0.11638467271879528,-0.2664923339676783,0.7676830768354549,-0.2261800081165332,0.12385503847831818,-0.19519527013959015,0.1242329925907746,-0.2726074280979575,-0.15874808143806282,0.2662053669555167,0.13304347474327663,-0.20779069187505803,-0.15975645538152664,-0.3350654592898072,-0.12508367377481605,-0.2911190997987253,-0.14274741087838178,-0.4121767000838805,0.0018609982488308969,-0.09722333319946562,0.05149399337896906,-0.15666735352078248,0.5323429618671316,-0.10387383719339267,0.6620504724759843,-0.2573557377787191,-0.36517180302679775,0.6878706841722314,-0.028294059320576395,-0.20789731124730165,-0.01909555035726998,-0.02188841404239017,-0.3499441768158854,0.10743757578075955,0.16763110000549655,0.5366899831523017,-0.01768733588774827,-0.16409040159283117,-0.30719650602970494,-0.13163458472980993,-0.2516133769136299,-0.20204127956879794,0.026148174670840248,-0.28972918549358173,-0.06708505587550659,-0.43350864833954844,-0.39859532414504106,-0.23864595592212745,0.03927935402669578,-0.0489407080169643,-0.00500966697280204,0.0104418822096141,-0.03149050625738142,-0.0059331951741975406,0.06501774546819367,-0.24888998389171235,-0.2934361154370548,-0.197642876865619,0.5773477397213685,0.1511305867069138,-0.23721645975431097,-0.28570390425736936,-0.2640748422884355,0.06287817074069155,0.017583138951628406,-0.22990173579254783
Grilled Tofu Wrap,0.22084117812834786,-0.09198348694335197,0.7287973802504716,-0.419090672444388,0.35941178918793804,0.08128265473751155,-0.1630132771361328,-0.0010280101231333882,-0.21768915094288457,-0.27585881575813426,0.16750837571678212,0.30629461445312905,0.15309628586343843,0.06590609757156347,-0.41454720313688076,-0.04568712408211987,-0.15755209278008075,-0.5369222104782259,0.25985948300949224,0.24071166747274808,-0.5077671782835838,-0.35340763538599224,-0.13007301832215493,-0.052043183828089895,-0.1933683092929298,-0.15864831977182403,0.35680249909703693,-0.01062174105053364,-0.07257228983518851,-0.3767208430314042,-0.1510814631996861,0.3024390031779339,-0.09638339750838305,0.5001535170730684,-0.2894583755311802,0.5222966692648979,-0.04217282838724262,-0.2663217900713683,-0.1383051028022701,-0.14941759010041597,0.18005210749590767,-0.12252225959183607,-0.1789443452848643,-0.3237697109844627,0.18343453791715758,0.1698867953737949,0.061312633788702456,0.15565994811450284,-0.013267116368105805,-0.38514261748794604,-0.2367853900197751,-0.3722947835904607,-0.5058883965256483,0.38067397790208934,-0.1540126602254834,0.11638467271879528,1.0000000000000002,-0.17055449842331255,-0.26892173284480675,-0.08167955531454317,0.011779897868914447,-0.18620089646341528,0.9351922681251152,-0.3135108368659193,-0.14985076861183064,-0.4789739067323195,0.9995754980627436,0.6576832763178809,0.06846278715456942,-0.11221369109561684,-0.16105277749653407,-0.15481692073262668,-0.20653183193045482,-0.415710379830077,-0.11770717246911054,-0.025746756696428535,0.3171300277422138,0.036977282962835346,-0.12050749984949952,-0.22162464848416738,-0.35602356038359656,-0.03609708409095956,-0.4310260306869261,-0.19694118274359718,-0.04305109512205187,-0.14943527260050665,-0.09487652054481067,-0.12430510466411292,-0.36455870226194476,0.2924989214759631,0.22289235464588503,-0.39410832720395383,-0.10013084772889805,-0.14758357948158193,-0.15563677018061173,0.6487063117433006,-0.23289541486594534,-0.15289147805013395,0.28295570901961115,0.3935553504169546,-0.08323134042610808,-0.4615189533474875,-0.386695227672883,0.6770460251435941,-0.0818061437136221,-0.1524873185718597,0.15138352630028154,0.2765452895012038,-0.11334802930657255,0.35354158758001725,-0.036216962453962574,-0.1280048985130013,-0.18453681437979857,-0.21251306738917752,-0.1902944881811896,0.16988461997309737,-0.3707312866331361,-0.043734079501315415,0.35216112437236935,0.7524770124367142,0.05498823921413438,-0.21200309843808543
Guacamole,-0.24449114630695354,-0.2527292429757786,-0.2189419490843201,-0.050269215276337084,0.13526280030366916,-0.17204959045077622,-0.17093447706054624,-0.43609508270059893,0.7307939097779296,-0.08814350118318852,-0.21629374580999114,-0.20733174191275905,0.14450244353773253,-0.07379448689158294,-0.08865118511741861,-0.20297084565888956,0.3091168180756287,-0.015808079178088165,0.1763412666463076,0.6378273844656868,0.0032855284149786446,-0.08146083339430288,0.7305483579898067,0.7621759183293241,0.7412422269935993,-0.232744680380839,-0.24751402268247896,0.20906744366147997,-0.1446551260701927,0.7831409536658906,-0.20741469451983888,0.664483888126794,0.017298466028940057,-0.10470083488371727,-0.1540049379041722,-0.12956778769071525,0.9470353700698025,-0.004797949389413863,-0.21698765852781743,0.06407760148534514,0.048090356511925135,0.12625592977426162,-0.20994271685335245,0.04600159775696044,-0.10368726365320916,-0.17570375244319708,-0.4354584657753318,-0.07671809668084884,0.17751437134768866,-0.034139163558733865,0.13331514802727504,-0.03430300424009006,0.08011014173402142,0.12611164332616598,-0.12770271122400503,-0.2664923339676783,-0.17055449842331255,0.9999999999999999,-0.23743561723156564,0.9805140701271405,-0.15997689381362346,-0.01120421266949423,-0.07033710251166861,-0.15353591808584974,0.06320530738113214,-0.07056966079881813,-0.16674891809783998,-0.14091591624020205,0.2732596561160871,0.10472598462628424,-0.3602073277727701,0.1406861718711383,0.009517225599490737,0.04799387398068648,-0.4514992486981193,0.9506803339396594,0.0656887570148171,0.8768282229847639,0.08674993091113084,-0.22018433678549035,-0.06404515908546907,0.10814743710069061,-0.09978273507277481,-0.11965836444827746,-0.4300539912041333,0.20253468620835463,-0.14641747665865293,0.690909443716759,-0.02692560239857398,-0.15779813513189167,-0.37350075364302215,-0.17502864149426844,-0.4253657026067402,0.0648351396197324,0.9943883321335447,-0.21316963479511072,0.07796501459170802,0.013284336680203995,0.7235234709576958,-0.08650118439068588,-0.1812114899179324,0.030401426126724602,0.12599128562564274,-0.09261416580082572,-0.40431066655613884,-0.27458868358195293,0.7994077570806524,0.7183798079527569,-0.23453165193866535,0.059062615705260765,0.41914981753301855,0.14907176563208577,0.21637073044728652,0.9591693212760057,0.04297198963970269,-0.414960537580355,-0.15448998574316233,0.20459963744640888,-0.12436830423803508,0.07241691095104105,-0.23619743691009137,0.06834191361377942
Herb-Crusted Rack of Lamb,0.6668012008908567,0.9429988758084283,-0.07872602054135287,-0.04450177936607157,-0.299121479774715,0.03324926845627277,-0.013293095232482293,-0.026376727380653775,-0.045862108614499776,-0.14790352571331228,-0.267334466185448,-0.0993333654481069,-0.37834679606359145,-0.20781516952021514,-0.007609292957593106,-0.08594721635281549,-0.2485106857815123,0.08715389110335459,-0.41759137325362955,-0.2995211853779125,0.028677250813473852,0.9343391034750136,-0.10366135483054453,-0.14274595830123218,-0.04912543379188199,-0.03906281752804545,-0.168425087083996,-0.08859967859285985,-0.21018310916690533,-0.03373513628236129,-0.07476203332702293,-0.28215072668214486,-0.3570662127397384,-0.02819404410147798,-0.08856244435650634,-0.01069909316437497,-0.278737833520281,0.8527650076394411,-0.07293289818498735,0.7098172239403671,-0.4404272591080399,-0.3269921384356382,-0.034264616677016226,-0.12525368741790438,-0.3557939416033725,-0.26944605570576097,0.016752422330290784,-0.3670994413030634,-0.20871113824510817,0.05261682201470995,-0.22880819117958273,0.8709527246672493,0.07820299547813743,-0.303069292754142,0.9085787092938628,0.7676830768354549,-0.26892173284480675,-0.23743561723156564,1.0000000000000002,-0.23998316340521259,-0.00484863161373903,-0.09917599733500979,-0.28907990374665726,-0.09722539518001681,-0.15886210739910173,0.8156644454216418,-0.2637592898313,-0.06771895542764815,-0.2724882352505199,-0.08149994649771672,0.03919287257550139,-0.284550990182996,-0.1522130323022654,0.05446107304902337,0.11482605088946948,-0.20134359422443632,-0.3374462864717417,-0.22930158319411428,0.6545840545584337,-0.06588070182607987,0.9252988054907942,-0.24710741642721204,-0.06418662019516745,0.9208711365877995,0.02045655182305155,-0.27721514928737406,-0.045362482673559155,-0.0552673324335356,-0.00971321508701199,-0.2519447164735333,-0.07821737486754171,0.9474138948368002,0.09267284267286105,-0.2544923671350682,-0.26322407937408243,-0.0325753696656326,-0.20715089910813933,-0.25477490845938944,-0.35390809907361803,0.0504616335028214,-0.10682993057089195,0.025196052688025848,0.05654457730299164,-0.10514387040436711,0.08611983685877084,0.026230598330298352,-0.2680281020433569,-0.35747037648454993,-0.013082863733645471,-0.40517199207515436,0.07674935135592799,-0.16158442433413292,-0.24876879987748338,-0.16032341134798514,0.743114306452907,-0.03707488797382917,0.08345402762439803,-0.11894472800621556,0.09250421155610213,-0.31885984971631826,-0.1172442819001684,-0.25355765382133977
Horchata,-0.15190934694798278,-0.23955799147829096,-0.2283854249656109,-0.06936142299482884,0.270203415684032,-0.21661510206269854,-0.21887960291739908,-0.4479253530851535,0.6260210630968082,-0.09321063329654722,-0.1588609367821815,-0.2098413644150048,0.22037404470920674,-0.01531016864003433,-0.12146751956666788,-0.2091856018085618,0.3369619620517416,-0.07558046056010746,0.2862826644120932,0.7612344708410418,-0.036595295635768965,-0.09990773446908931,0.6510516241031716,0.6998056379665633,0.6538650481491034,-0.28062281190834093,-0.11599572550581864,0.3173429648875592,-0.10794202736817769,0.7802204256343334,-0.2581050849034017,0.7374551850388731,0.003206155808089417,-0.11752479322980357,-0.19454667982729423,-0.1477053726631091,0.974045202537247,0.021671416452839168,-0.2562823032557916,0.14455950011735796,0.08219066918486259,0.1496134607874976,-0.20918042471413775,0.05801031026929107,-0.016608820617363358,-0.11273581175136385,-0.4305540926299208,-0.07723833077980596,0.2565070181956927,-0.05439135272087417,0.04070936728213028,-0.05557935328908169,0.05979402129047388,0.29913983854083087,-0.12217637226219305,-0.2261800081165332,-0.08167955531454317,0.9805140701271405,-0.23998316340521259,1.0,-0.2618164548466697,0.03975696415452762,0.06370144191010212,-0.18996128105478516,0.07299172460257447,-0.09737162259576554,-0.0779735965197255,-0.13885500021279623,0.3654699789810969,0.16997267038199318,-0.3808795944108974,0.13566702963577487,-0.08679611554219915,0.039692609751679056,-0.4734692010027334,0.9770014278145702,0.20686617995675008,0.948612222317506,0.1787922713783405,-0.3027780106782253,-0.06980651848294535,0.1777901174402111,-0.14162438856288098,-0.06545100616254144,-0.4249123475402536,0.12946408181046606,-0.15421300002069668,0.6084834128319778,-0.012698444284840859,-0.04217451604220552,-0.30412569675362167,-0.18053308950751626,-0.4287036206026155,0.01116920107971728,0.9862689375342275,-0.23520087808959553,0.023798691733200213,-0.047167306889618996,0.8064774060282213,-0.10678351135214163,-0.18809056568704677,0.017371521152284086,0.15302561110819712,-0.05032655416175503,-0.4077399281764423,-0.3428065368565144,0.8231603195207976,0.8063748483774379,-0.24071789202660784,0.15217978889627298,0.36941450374430695,0.2165563281820617,0.2079255492568951,0.8944010087477006,0.11318471397611,-0.371531661942642,-0.17092622105296673,0.29689283448382214,-0.16062006214185748,0.23278266574158263,-0.17136139750218057,0.0070552563190232325
Hot Dog with Mustard,-0.002674725146006543,0.07676630207657235,0.04638832825255185,-0.020784729162415416,-0.029662768488825424,-0.20243485408941897,-0.22905330748675617,-0.014377533316585308,0.0763725146810069,0.011021414320120715,0.10705117156639321,-0.09019705650474422,-0.20750449520507463,-0.21893918844504245,-0.012414153581158632,0.1276805998678484,-0.23803518626744893,-0.09494199942877243,-0.22608062028535136,-0.29212879148858234,-0.15823556726152746,0.040608496057633905,0.008966467498488773,0.0039026621606604722,0.040506575613080145,-0.014675940682590607,-0.15697592816548078,-0.2861313610760623,0.0637670123767233,-0.30998254780393153,0.25466139032142404,-0.10010310631766983,0.22001411132183857,-0.0004912008717218672,0.06522579901295347,0.053375619912649414,-0.16367926619616294,-0.0475914156590254,0.0448930761002964,-0.1770303391111437,0.3146626333469192,0.0034853314667248753,-0.021717470122312534,-0.13460834466407545,-0.023959768669572917,0.08861871947976208,-0.007430277687737422,0.518274330387732,-0.35727492966431296,-0.28883438785581095,0.09163655937285572,0.042169926730250266,-0.1408695233074398,-0.28958087874878763,0.09370487202396438,0.12385503847831818,0.011779897868914447,-0.15997689381362346,-0.00484863161373903,-0.2618164548466697,0.9999999999999999,-0.11469647504210972,-0.10679361619312819,-0.057477554306525125,0.3487741298695411,-0.1260690956639189,0.011913468196153314,0.028744059709062884,-0.29463453901659065,-0.29327331940905194,-0.08367423530248733,0.20299183309576235,0.08730636011556331,-0.2697923089438503,-0.02734069385592368,-0.14470462172532414,-0.16098697252523103,-0.29422043621116106,-0.2274729905002285,0.3037068136250869,-0.01906974053486253,-0.011022782850767174,-0.055904009137306365,-0.1353925821112936,-0.09548790976784485,0.0810526439972228,-0.18825729975725408,0.0498143040610277,-0.19264697279946988,-0.13044561274946656,-0.12384274797973463,-0.12243199033604875,-0.07873740355425604,0.05794994355598915,-0.1700727434470194,0.042011006188175555,-0.04180145345240134,0.08225596498375308,-0.1452330982479532,-0.04267903852823436,0.06380251653929517,-0.1751746430640298,-0.25948974916255374,-0.05716468616898125,-0.12332113924034602,0.15548507005086723,-0.09627636229109321,-0.14902818974740595,0.051896517689959384,0.2115633193859651,-0.021540138951249406,-0.14185638195692585,-0.11060652110849956,-0.013517013197266382,-0.1539925376635398,-0.0653801417253692,-0.04182851188128893,-0.16219133098805366,-0.047397750640844116,-0.19341600871009892,-0.09389845989045624,-0.011610126533472737
Hot Sake (Small),-0.11233523301006683,-0.1580902443063774,-0.21195468151123747,0.008128909839011433,0.016170683237699622,-0.2221231717459875,-0.20043075328383417,-0.2176437086858056,-0.1838111656505254,-0.07861306098448796,-0.162291372947431,-0.23699135660195325,0.04229232518245607,-0.1444532675130749,-0.049920011675055886,0.8313884753879089,0.10571333235105052,-0.006540342715158,0.021430036646976264,0.0632073300176202,0.00016225660584683055,-0.050672528296509096,-0.1883838036813533,-0.18329836080849093,-0.16837715135335563,-0.17936985161153735,0.5899864213609832,0.15343831270488573,-0.10819416190254402,0.12248194336344374,-0.18694082097556705,-0.08227174185547935,0.0036705619772929715,-0.11938032370521942,-0.1634559514104839,-0.12884531796191964,-0.022149893482662775,-0.002591754706380657,-0.20823587616822797,0.06101304476726647,-0.06936204706711052,0.03789880950853398,0.8953265112900385,0.9398842441933529,-0.080857535088148,-0.16014662679286712,-0.2576026917788369,-0.08773103272084193,-0.012500994847218309,-0.09376145490392954,-0.04142531957940118,-0.0187394155191363,0.7450223124515029,0.3772108912262446,-0.1404005903346309,-0.19519527013959015,-0.18620089646341528,-0.01120421266949423,-0.09917599733500979,0.03975696415452762,-0.11469647504210972,1.0000000000000002,-0.12710183865025118,-0.13969907399144157,0.00278722438812104,-0.0049330064462423774,-0.1880286816470914,-0.14364693738031298,0.05452335219149363,0.005975811390670615,-0.19432447803933556,-0.03910954073245757,-0.13897596537763068,-0.004480050401613547,-0.22245409195996949,-0.04902483079575003,0.6124244820365978,0.0501997237235215,0.007295818680529432,-0.2242199717410657,-0.014872861292690406,0.07921072511734276,-0.07985704616752237,-0.0515815213986031,-0.20434948685973275,-0.03572269699703297,-0.16918189674574044,-0.16848826841088274,0.921880972925764,0.7204801515780624,-0.21244464013191286,-0.049799490632022304,-0.21240490720836852,-0.1136879555757984,0.021748254910789043,-0.1944068342179074,-0.12684210015485262,-0.12648095100323659,-0.04043072424086755,-0.09516454920086206,0.8497650650434599,0.8138235562591105,0.7732744624502329,-0.09714549367914584,-0.26644905402186186,-0.24923013728768204,-0.12152014185564303,-0.028797052569425063,0.8213462181341071,-0.03834216321462371,-0.2600312893924151,0.05000826485519625,0.016668336967501245,-0.05622402793274961,0.031495521409317655,-0.23792708403951301,0.8659881002275893,0.10577635043671223,-0.1260001248568775,-0.029064288832860965,0.8482208907024159,-0.09897335743250685
Hummus & Pita,0.30689706224962116,-0.10767158072416952,0.5013389947411319,-0.3632896746740879,0.639031695674437,-0.04669721137330024,-0.2404438736124824,-0.0997756448829946,-0.34593151323232735,-0.2153905264116407,0.252738877223157,0.22430516623617286,0.3661242677233959,0.2056660183299544,-0.3919867777673989,-0.15120163813750948,0.044991385961475845,-0.5415928045171436,0.5081072046488179,0.5174195441158911,-0.4765009583180536,-0.3309178144080413,-0.23829458484218594,-0.12822639446312506,-0.30183184000596003,-0.22131403200973138,0.4202875841059486,0.26914215876420516,0.031039953120348997,-0.2337949692551078,-0.18148913561056032,0.42727937085959894,0.008173998235626694,0.3343655065457113,-0.30230236985810144,0.3403699319238274,0.13993692708572894,-0.15237148324312932,-0.17076002870482146,0.05094661828008186,0.33510002115596904,0.059063824509633434,-0.2660472014738157,-0.2919744083235089,0.33389295391037627,0.2648694100989573,-0.014211023293013351,0.24419116380132852,0.22826445998450118,-0.34733783212446817,-0.26315235664242875,-0.3306832355229773,-0.48452530390150467,0.6509922396191823,-0.12339668918965359,0.1242329925907746,0.9351922681251152,-0.07033710251166861,-0.28907990374665726,0.06370144191010212,-0.10679361619312819,-0.12710183865025118,1.0,-0.32523140556078356,0.033345257855511595,-0.47987438372025976,0.9354627203503052,0.4818835640571499,0.342280316661187,0.0821945313033188,-0.2420299360647693,0.0006475957117067742,-0.2753136488463488,-0.33710526516404365,-0.22425723469539657,0.13946916599035136,0.5190397509685779,0.25711147977833626,0.10705676713450163,-0.32455253307721627,-0.3090050786879644,0.21389205378552456,-0.41877181835668587,-0.09783868369751111,-0.10910358590692544,-0.14238019151320427,-0.08591907725899298,-0.24743293398048727,-0.3500361898937531,0.3710943784517661,0.24980516456556892,-0.3902264608491056,-0.17301098766802964,-0.12147962521867478,-0.03288286649821324,0.40851099064230456,-0.21013762737637456,-0.14920569365412392,0.468149065216768,0.23372450116241136,-0.18347190909597128,-0.45764265894880674,-0.2963455196345337,0.5929302670517281,-0.13687565025962725,-0.25900765235090056,0.21401847270401228,0.48864319696770797,-0.23500378881050346,0.5709511575897833,-0.17657879208266564,0.13247925894989868,-0.0406649852150814,-0.19430815386054248,0.0013140333880640692,0.14336504838536393,-0.44390419806590453,0.2304591851879263,0.15537745958877644,0.9346064209775936,0.037200192357855114,-0.1959852697425288
Iced Latte,-0.31247061199387843,-0.19866028328896596,-0.15072663229647443,0.8657130628078182,-0.26799864024865716,0.3427529104458248,-0.043327662628997815,-0.07128016943126829,-0.05220549877398181,0.9437725971024704,0.6659971943226078,0.3203756646818893,-0.33263976910005916,-0.16008296859621668,0.90737736378811,-0.14745939213531034,-0.1614105201515215,0.7863690340586893,-0.3205704248040902,-0.26438424835163205,0.8438472933619681,-0.1121140460658596,-0.0856750988776804,-0.16762513120742978,-0.056813089843014655,-0.06167944930111918,-0.21377220450753942,-0.07274196585800818,0.8333771749989567,0.00945658345570663,-0.0427432433785081,-0.2684780905489601,-0.12083066272709439,-0.058140730654343685,0.9873919974055101,-0.06935147882882338,-0.2305752413098413,-0.19288698775372787,-0.06794085197226091,-0.19641866534981375,-0.20937711450200264,-0.10374344146633396,-0.07021737655431279,-0.044581722495125875,0.6090352087053484,0.6516190862354673,-0.11782310082141062,-0.21335259995169079,-0.23385354483052273,0.8862111387617739,-0.14685912486260258,-0.1240520366628444,0.08457161867101448,-0.25629160619760205,-0.2100578915143539,-0.2726074280979575,-0.3135108368659193,-0.15353591808584974,-0.09722539518001681,-0.18996128105478516,-0.057477554306525125,-0.13969907399144157,-0.32523140556078356,1.0000000000000002,-0.12104081109913581,0.08255039478356462,-0.31438203332277065,-0.11539835433466178,-0.26260372905365803,-0.03666526691539701,0.011927387229908049,-0.13227262528805683,-0.17653398059836084,0.7776945358703601,0.011413715737630475,-0.23498290016795703,-0.3071105345184973,-0.2130273009393351,-0.19189816733180226,0.8925294510087602,-0.13028492082219603,-0.1305340507685882,0.9719871538911234,-0.13304276163739465,-0.020024770111463766,-0.20097320116082223,-0.10619880224689981,-0.10039013326535101,-0.0036659401218996843,-0.2698983870347974,-0.18319538357567017,-0.017288750307346827,0.01004253940786122,-0.23893997848479026,-0.1456749990778829,-0.1121026764265427,-0.20102406284233443,-0.21050331480130904,-0.29634922580848005,-0.0258688456446053,-0.11538496266541601,0.06743892037641061,0.0333813473718776,-0.14127872451744045,-0.08642413263846997,-0.035254692762314244,-0.2404197048473436,-0.28865812400233715,-0.08892076481327066,-0.28492076675167166,-0.017463418340242204,-0.123357218800101,-0.1998204949040815,-0.14382124077982228,-0.19039487999569782,-0.12130556946773768,0.03355472214491982,-0.058213150332418695,-0.013195073770851759,-0.2881176173895109,-0.16611521938165075,-0.20827945689272254
Iced Tea,-0.0731645544472452,-0.18423232432143397,-0.30492105784548335,0.1035784478428386,0.6257331166528356,-0.45657080408764317,0.20470515107269494,-0.4029492797082035,-0.3101347598102604,0.04614009987397244,-0.002445745195772564,-0.40565146347378633,0.17657487399525207,0.6617655138092554,0.02623368698334755,-0.2552688819853618,0.285109326930461,0.02763463755893733,0.21562921833091175,0.2780041959436094,0.05081263222787269,0.001815448513844688,-0.3211022204806105,-0.3106556193616874,-0.31091728740982116,0.38318937645864726,-0.14655973918654663,0.655802233877504,0.06667064740188805,0.19997731711183217,0.6745741589194094,-0.020226050153618114,0.9054796839368764,-0.13302218416791636,-0.09350968164201867,-0.14648987315131787,0.1790670070660585,0.10219705545864788,0.4815560388924795,0.2096853147926568,0.8583382154730681,0.9060551211659997,-0.2454402452420897,0.021658577750330962,0.08765083531361034,0.017171537885930704,-0.3932779734312806,0.8147327939844097,0.20368140882963673,-0.03590043674398624,-0.02936500937386351,0.03662745291601913,0.09123865310975457,0.2674833484249286,-0.05279662636972838,-0.15874808143806282,-0.14985076861183064,0.06320530738113214,-0.15886210739910173,0.07299172460257447,0.3487741298695411,0.00278722438812104,0.033345257855511595,-0.12104081109913581,0.9999999999999999,-0.027914391258486534,-0.1593752146933453,-0.18723218685343715,0.3172583448128856,0.7077923390799021,-0.33678805564266284,0.9537562907161942,-0.18039496795821508,0.06667276618156945,-0.37799740037653146,0.13538043991234455,0.16603717126644232,0.2056226276984604,0.2576704412345984,-0.20319309119426143,0.013665213992474437,0.9183241373281167,-0.010248071562237226,0.01417506098282979,-0.3360556760446091,0.009297510472239156,0.4363766639022285,-0.35527012053934803,-0.03927981373594816,-0.08581379279140013,-0.25710452275119106,-0.07325120457364696,-0.3326303990535296,-0.043564019307860496,0.11027366405527655,-0.3263796768792132,-0.10848114974321231,-0.08006007014233076,0.11273407562992616,-0.14277515191441026,-0.24769377075579185,0.008710374747859653,0.14489578638000314,-0.026464959488002295,-0.35975694054070023,0.4015089043760088,-0.12675048544203837,0.18140978080709377,-0.3027192540364144,0.7450870343714787,-0.4208825944941466,0.8702997956764112,0.19168660957992864,-0.04873553261541271,0.21745772186295298,-0.32490639965876605,-0.16372256320856166,0.7423485925034459,-0.20868202005500308,0.19891661366994368,-0.21183594196141187,-0.06174641055861013
Jumbo Shrimp Cocktail,0.17515151451311406,0.5820207894151123,-0.035571868060434775,0.3205828001467011,-0.4158429944132059,-0.19599584155846964,-0.012299542059761007,-0.109015335039952,-0.008805402994761003,0.07645074971732875,-0.4112094091040304,-0.4458515111487812,-0.41574147447886406,-0.19244379999091688,0.33333098934035343,-0.20328583492769353,0.041271758130435585,0.5285369227959873,-0.4904757572797521,-0.30466354006544666,0.44904793334654214,0.8370360534756378,-0.10964189689783564,-0.23174175391061794,-0.017137781299147777,-0.07728412998934768,-0.42799704161598207,0.21113285531247653,-0.1634773560279645,0.3941892816862537,0.03388788737913224,-0.47206255003431274,-0.18703419232282822,0.23502374754795322,0.07899137830493333,0.2194102650578883,-0.1741058499163079,0.7435887181482471,-0.1232021628830904,0.6648268326981459,-0.4976145928472452,-0.07798627608961867,-0.021072980615604156,0.1437049082817085,-0.43241509606401224,-0.40420411215597607,-0.1421835824479102,-0.49726366599212485,-0.04123938089609609,0.3936572300225385,-0.125472658993174,0.8103981112136436,0.4811276306719749,-0.4195876703003644,0.6154307719763161,0.2662053669555167,-0.4789739067323195,-0.07056966079881813,0.8156644454216418,-0.09737162259576554,-0.1260690956639189,-0.0049330064462423774,-0.47987438372025976,0.08255039478356462,-0.027914391258486534,0.9999999999999999,-0.48634725386090416,0.09597546264910582,-0.16557630999020595,0.24363409669439282,0.1229304111490045,-0.11458370972584639,-0.123293735424429,0.48302739437489517,0.11359582028575667,-0.1417596381061095,-0.5161470296223225,-0.11637273305752453,0.6022985434745539,-0.038699964780016964,0.826303618833068,-0.05544233427491337,0.22471831499310224,0.8152884566255901,0.009185852079903817,-0.22064751245506745,-0.08031050969929401,-0.10307801636086084,0.25765604978111556,-0.4985347903890537,-0.28204323550722543,0.9508423750467153,0.10840944320478484,-0.2264977454012004,-0.06332459890543471,0.051400868607636735,-0.0793340752394809,-0.19944067652416805,-0.4846741577496149,0.3471725795868192,-0.18685442061224944,0.39215173480502985,0.45005896857203137,0.09859435142766847,0.05518961397122815,0.0276985868796834,-0.3718609400758091,-0.46306056215368696,-0.0878262975766885,-0.5225413673219411,0.008292338559196134,0.06650477697865925,-0.053880439104123976,-0.03988280453544357,0.682255631807898,-0.2234487457656067,0.26422762604791283,0.1854610420136246,0.36978771319531684,-0.44274607697704427,-0.2597494738194575,-0.1742247431439069
Kale & Sweet Potato Salad,0.2357525802283816,-0.08001367267531292,0.719822637582871,-0.43045102854797584,0.3606573901805848,0.10031282131424624,-0.16698013786700602,-0.005564558488889967,-0.21302650240520998,-0.28076134762443117,0.17309635140918891,0.32759346867616856,0.16173513413274587,0.05728917295347023,-0.4242592270409124,-0.04030653421760015,-0.15870960234402337,-0.549108749915488,0.2668037040595766,0.24479383639399638,-0.5185057528200053,-0.3467871038100634,-0.12540878106709852,-0.042723302873930835,-0.18976869495284412,-0.1641230895727765,0.359288138336774,-0.024201635108325396,-0.07244832086209303,-0.3857900489306739,-0.16627532625336064,0.31076719919925855,-0.10757652386483246,0.4837877129861936,-0.2904620140333202,0.5069569840331634,-0.03706571816558532,-0.2583166869207055,-0.1440742933222153,-0.14542802872089478,0.1771214390978317,-0.1354827248358951,-0.17969971037328858,-0.33027247126400455,0.18687079978201399,0.17453912374800984,0.059403873398670225,0.1550618322531401,-0.014063691152222389,-0.3912358721309703,-0.22779433927453652,-0.3649543793662538,-0.5176193202737911,0.3840594682177218,-0.14047455864638853,0.13304347474327663,0.9995754980627436,-0.16674891809783998,-0.2637592898313,-0.0779735965197255,0.011913468196153314,-0.1880286816470914,0.9354627203503052,-0.31438203332277065,-0.1593752146933453,-0.48634725386090416,0.9999999999999999,0.6442563432388784,0.0714413828286133,-0.13133092871806712,-0.17194188694845286,-0.16451514032174475,-0.19688412099915606,-0.4262929855873534,-0.12639718938114056,-0.019777865946184227,0.3249056114908318,0.038618482304245354,-0.11628182091546249,-0.21647388615147894,-0.34890211092084733,-0.047547594062400514,-0.436483549950257,-0.1952030080188856,-0.05200882394612527,-0.1380226143576064,-0.09962696804838739,-0.11813396790135597,-0.37288093848967957,0.29944515135557026,0.22154892448073854,-0.3961202802171191,-0.1101933534933787,-0.13857015092992067,-0.1534362586307593,0.6386784158729174,-0.22907395223967025,-0.1461664493021312,0.29198858460967325,0.3773210430627528,-0.07865676017184424,-0.4725354352127602,-0.3986414846930177,0.6617067344504567,-0.08711900894103648,-0.16266975470451928,0.1584983434934551,0.2857597750517717,-0.1119617573169606,0.3522674653591248,-0.03686159125041941,-0.1392894654604952,-0.18093648682935198,-0.20561198256706611,-0.18544825907258825,0.16718853596109426,-0.37807361569280684,-0.05823316132903709,0.33629296435118006,0.7522745772807682,0.05702152035736173,-0.2047595447730715
Kombucha (Ginger),-0.2236260298294271,-0.13922565698408076,0.9619931609772743,-0.03832474644827069,-0.18684510735168455,-0.03351833708486175,-0.10190552526100743,-0.095764506912633,-0.06931399950059343,-0.12096933117730194,-0.23366500678698496,-0.06730764555471995,-0.2334665200784385,-0.16152728988229728,-0.013567966893309844,-0.0983158211505175,-0.04416028213496577,0.06996466461862896,-0.24654896438482954,-0.17275543044146058,0.009590874397454964,-0.07239218710014488,-0.09698200143136587,-0.16362647485132145,-0.08487934764434579,-0.16986584069106705,-0.15440503021003332,0.05662487265217499,-0.2199308918832662,0.01830641639075955,-0.018830683330186615,-0.215548283879743,-0.09453494927954224,0.9789413154829999,-0.09870191726007826,0.9852607506202525,-0.19162815659415425,-0.12287541106937475,-0.208524556410698,-0.08627764841623575,-0.19897822203740018,-0.09556067104651933,-0.07948702620174766,-0.032957619026413754,-0.23714844916434033,-0.23558387165513667,-0.13686706529952547,-0.20663858556034734,-0.11890367331197363,0.03568797394492072,-0.09451200898417864,-0.07626476417819926,0.0491513025983419,-0.17456968327514286,-0.14366962290108243,-0.20779069187505803,0.6576832763178809,-0.14091591624020205,-0.06771895542764815,-0.13885500021279623,0.028744059709062884,-0.14364693738031298,0.4818835640571499,-0.11539835433466178,-0.18723218685343715,0.09597546264910582,0.6442563432388784,0.9999999999999998,-0.15297117960353213,0.05315009852766838,-0.03898224959299125,-0.1709355100172424,-0.105645862505046,0.07517806104686318,-0.04742835943611619,-0.1893601409546655,-0.23977184462722517,-0.1399837507439355,-0.12082690806439005,-0.09042908490668995,-0.1060664926113509,-0.12268290888895773,-0.10162195567938813,-0.054301093597998,-0.07333748574841749,-0.11602275612433324,-0.17922412460832007,-0.10651077395998859,-0.026910604255592392,-0.21401355990549498,-0.1830487901188865,-0.005731310728516275,-0.05860397113234152,-0.19121408683974656,-0.11712952425830854,0.9669740843872957,-0.1488456045328928,-0.14751692104571612,-0.22694158738857814,0.9466832908079994,-0.1026388740301856,0.0348404787318239,0.07092425664658203,0.9614859570933165,-0.10529331975341814,-0.050223206457301446,-0.18757329153879077,-0.21763658799560484,-0.08851166101898791,-0.16790368127310046,-0.02223809859333021,-0.14557473381534267,-0.12324988881008508,-0.11319484189820576,-0.12127283545922746,-0.14730159801796192,-0.025864912966304936,0.02668388431699916,0.9298416878429565,0.2564171087712345,-0.1724384800147998,-0.18375820452483704
Lemon Gelato,0.012421885529395806,-0.23941728056454048,-0.26741716020907225,-0.1130601701990825,0.6505853819546076,-0.23110127045133994,-0.3173471777765048,-0.11660613943007556,-0.3684902480519302,-0.1156438900469885,-0.03004984094382962,-0.13707620898855466,0.9250368982697761,0.16235653476027628,-0.17912549288049268,-0.30660820169382463,0.9015454024902546,-0.17089024798531924,0.9065089841586698,0.6939323356400333,-0.1193720346840422,-0.06744610667452962,-0.35240114750683255,-0.23183582838742578,-0.36063531431138623,-0.35787134806639853,-0.03705070627824259,0.6382277875252561,-0.020439400803541327,0.3346018828660405,-0.299632814053843,0.19960524696628143,0.19345978658945284,-0.14470393256112837,-0.254092266029738,-0.1853513479723923,0.5049302629438195,0.19595706353345538,-0.30396207495417715,0.39519441516829906,0.31308746031830154,0.3798577775288629,-0.319134837763034,0.0732908556234989,0.1457191049294888,-0.03241414810361297,-0.07767047218168714,0.15810873955815197,0.9560114769145477,-0.08311423202500096,0.446417150492928,0.05249639096957038,0.004841805974059796,0.635547028483982,-0.03436388544060556,-0.15975645538152664,0.06846278715456942,0.2732596561160871,-0.2724882352505199,0.3654699789810969,-0.29463453901659065,0.05452335219149363,0.342280316661187,-0.26260372905365803,0.3172583448128856,-0.16557630999020595,0.0714413828286133,-0.15297117960353213,0.9999999999999998,0.3118827453723755,-0.10881959755933361,0.29331730841315934,0.3463118025003689,0.04381128123458665,-0.2097516822918217,0.4083723854507301,0.4921814442786392,0.5031439885448334,0.4580368849311575,-0.39677318114174404,-0.009842868910822106,0.5193292805646298,-0.20695991386699256,0.023468243881720013,-0.10937617831200759,0.5343108052258675,-0.18394808000177232,-0.39809067909214324,-0.04321847680447265,0.10164211417029463,0.12937308319437496,-0.212958019775349,-0.15221733305521842,0.5886204146407744,0.33612544933284966,-0.3094997662343703,0.5657935831229373,0.5393492577496145,0.4423894981381658,-0.14264740239598173,-0.3006593884198079,-0.04031783347481309,0.16756500081842712,0.054008728275478764,0.015413138896613525,-0.4946582751897764,0.07621067504470802,0.5450847415879403,-0.4365759823168215,0.5018038516655967,-0.5757695454706327,0.5548014809244506,0.8347839487469415,0.10747317567628412,0.36572302861732625,-0.026095305996024137,-0.3254884753748968,0.6119222694237721,-0.25490006579536434,0.563855743998813,-0.2117919686232882,0.5574907916918365
Loaded Nachos,-0.18459428404744066,-0.24616805551801263,-0.11240334693812566,0.2636288517445237,0.4668477479907061,-0.4961546550626359,0.35692785890774575,-0.28319294222714153,-0.3046650522828167,0.10715974374102222,-0.14395869717684334,-0.5610452416825283,0.046060942267177704,0.7607307478724917,0.18183479796603166,-0.4281735737082641,0.30560186834716097,0.26720088690523974,0.12244165873267654,0.3193213402155601,0.2982198311656462,-0.014746563490393,-0.2773158941663882,-0.33951027700100894,-0.2676809468031438,0.3933252911165389,-0.11651459952684999,0.8620200290338106,0.016196397841085064,0.481925446581758,0.6106343437624746,-0.055972312799031115,0.705948207624642,0.15444291925187306,-0.08056708490482556,0.10140931880217693,0.16905110227870562,0.08143917050273825,0.4407562330561174,0.2838105195212484,0.5001249748903027,0.8589809588564575,-0.2471394774711609,0.09521450875364898,0.019483914755489357,-0.10080033219324094,-0.30735443147622854,0.31890839587523806,0.3107604399960118,0.2509669832168442,-0.27868842510493186,-0.013054909674198041,0.26821966693411853,0.2755154175849804,-0.1827790158706067,-0.3350654592898072,-0.11221369109561684,0.10472598462628424,-0.08149994649771672,0.16997267038199318,-0.29327331940905194,0.005975811390670615,0.0821945313033188,-0.03666526691539701,0.7077923390799021,0.24363409669439282,-0.13133092871806712,0.05315009852766838,0.3118827453723755,1.0000000000000002,-0.09196829224815946,0.7474563922540087,-0.3975614646869802,0.3769335214874052,-0.1765404668162182,0.12892167956143388,0.031747320536472994,0.32222111756394645,0.3456733841314137,-0.3899659726634206,0.017225197311732676,0.8628245888512573,0.11213645480509246,0.17111674472904057,-0.11154749928876852,-0.27702525417884305,0.5279395476461554,-0.34599305599253544,0.12190461825294246,-0.17290434356487316,-0.1462981265899557,0.1458935111042295,-0.09230059532640011,-0.27997875951503604,0.16467292515772247,-0.10859860552717972,-0.1959469434609793,-0.29185361899842477,0.046105440532091035,0.1739376215225353,-0.37702221785085943,0.19992687397975997,0.3826956385412683,0.24962454132526732,-0.16539126102720683,0.3944260042191329,-0.11836158470853135,0.09493768004489626,-0.3524856509122065,0.4479926487915149,-0.23819210831265114,0.9058083136014625,0.08242670343037029,-0.10235845525009696,0.2679183887811754,-0.206514634751568,-0.060637343987027276,0.871585976347873,0.12505233689516962,0.25632940635762747,-0.21893746971459654,-0.2313953046413124
Lobster Ravioli,-0.15384288137463675,-0.0514208126249582,-0.01923606218221578,0.10896142460851176,-0.3645897036167805,-0.2888503795438563,0.007505496488206087,0.9478873399759189,-0.05331532207773776,0.022956367971074004,-0.04246453072901819,-0.3235034924501965,-0.02601047538497306,-0.136905895752083,0.11526953768803026,-0.13915661120208794,-0.062401958440507624,0.11359340688676595,-0.023497739445123175,-0.3702784126025358,0.0534492054993326,-0.1662704083386298,-0.026968437510247554,-0.11676964256693209,-0.019871455033778636,-0.005357664160820362,0.007841015356309274,-0.2340227106506216,-0.01156931756776429,-0.1875322088507559,0.015096510534750793,-0.24086941248334115,-0.29611821298075236,-0.003837730178010261,0.024893342756996395,-0.01794852520512975,-0.3776671862544705,-0.25240971712045457,-0.026060821724622964,-0.2706539363253843,-0.381875735804035,-0.29118456688396044,-0.019129500244961448,-0.13060619945436372,-0.0917147975208806,-0.04661945517747767,0.9055582040511406,-0.3542161975220377,0.16271143783398745,-0.04913284858161547,0.015727908768340487,-0.20630603671055062,-0.06565257479974754,-0.30248369845150097,-0.21825516665673614,-0.12508367377481605,-0.16105277749653407,-0.3602073277727701,0.03919287257550139,-0.3808795944108974,-0.08367423530248733,-0.19432447803933556,-0.2420299360647693,0.011927387229908049,-0.33678805564266284,0.1229304111490045,-0.17194188694845286,-0.03898224959299125,-0.10881959755933361,-0.09196829224815946,0.9999999999999998,-0.3422584657948724,0.22098640253003216,-0.006823538233369397,0.9860522956391502,-0.3906280819281004,-0.3699579537638821,-0.3803698000218491,-0.28369157448555066,-0.0006361375188042445,-0.18533517775119432,-0.3152889998930787,0.04507749770656501,-0.02484401336508044,0.978485026924069,-0.09387719597525337,-0.10810090295207672,-0.03642545827865867,-0.03968303251045974,-0.1846623283902534,0.7726872800277454,0.10270163450998669,0.9872607207967198,0.2281402682306068,-0.36452090098289064,0.007836698090651104,0.420910654043996,0.32948400778585324,-0.3570634232201802,-0.006962955025095665,-0.1510949901526698,-0.02184510772126337,-0.13970474451447723,-0.09666237029348558,0.9636420086071671,0.09423634202990977,-0.17011865115691757,-0.41610597910969277,-0.011752202800036249,-0.32574267658022626,0.24405807907136576,-0.2802080192243931,0.029586088803373455,-0.3596248284561504,-0.266469184876419,0.844550303111839,0.061125441497351475,-0.21771870601668272,0.04951399253057196,-0.26212973505505116,-0.03250292033432379,0.2676948821220926
Mac & Cheese,-0.2180235200349978,-0.31879778731459796,-0.25456305992228984,0.028229453423351536,0.5566011715805137,-0.3213599596904745,0.4281600092779837,-0.40502689695770894,-0.20649877410698392,-0.028764290932408565,-0.10499290556150867,-0.3300746317250045,0.18130697324026657,0.7798134326965451,-0.038617973684462015,-0.2642665435344196,0.29175963738176525,0.009209197036041727,0.19579178651349807,0.2497338992307634,0.03536015279421462,-0.11974304556321765,-0.21068436116730505,-0.20425149136734344,-0.21941572175103963,0.5580038262006023,-0.20615366952678582,0.6028917553260001,-0.04360673759909284,0.23096811097416162,0.7586726657098641,-0.017405710838157715,0.9776047279130271,-0.11111011362110404,-0.14264418625611067,-0.13113335771643206,0.20993484752579789,-0.03915920026045472,0.635301555296637,0.05034597667152009,0.869559147022785,0.9688431846579786,-0.24619767172407986,0.012458856519759268,-0.005253535473781684,-0.08486777709184057,-0.41439280096384895,0.8063748324712714,0.18719353749986467,-0.027571897845406867,0.0559370461312476,-0.08266028248844491,0.07813646811377882,0.19615245452383634,-0.18935407459725792,-0.2911190997987253,-0.15481692073262668,0.1406861718711383,-0.284550990182996,0.13566702963577487,0.20299183309576235,-0.03910954073245757,0.0006475957117067742,-0.13227262528805683,0.9537562907161942,-0.11458370972584639,-0.16451514032174475,-0.1709355100172424,0.29331730841315934,0.7474563922540087,-0.3422584657948724,0.9999999999999999,-0.09584324483321255,0.040126349344548284,-0.3953373359829308,0.1580113794956794,0.10775083418896095,0.2172022940391869,0.11251227898608997,-0.25350355747438413,-0.10466547394680976,0.906381208181367,-0.03262223396867908,-0.14579540931726875,-0.34943773583509735,0.08938485241442357,0.6175993874483413,-0.2564392084678696,-0.04991595857917512,-0.12217841433572113,-0.2971225036745669,-0.17604326506960416,-0.35652282762727494,0.004489437414033057,0.1740356264622897,-0.27507794369597965,-0.059498442277139615,-0.03858398403627398,0.11910358976453062,-0.11985497354221365,-0.23635070450922024,0.008509762153136972,0.11355958563098692,-0.03362461629800822,-0.36602766328222747,0.5351505781428059,-0.08049690873860835,0.17879213250291326,-0.30414255915260635,0.6914024656466489,-0.3558039415936695,0.8797140053956345,0.2144579827974552,0.0339223860913075,0.0633964459673844,-0.35996881623585997,-0.18288039643269077,0.6787897551742431,-0.16457946727658535,0.13877766219552562,-0.23241584809875654,0.01235302488474238
Margherita Pizza,-0.27334094518317587,-0.12989369942733667,-0.03624803817493306,-0.2993943454843077,-0.2863830984792986,0.31668537095841653,0.02291286210671861,0.28098998405163716,0.0483561760679529,-0.3142408769426093,-0.36524896734783235,0.18898180452989366,0.5273596076604872,-0.291339417072529,-0.2507545668222862,0.01771983471771679,0.5357176962164689,-0.11207330796340573,0.2929751982851764,-0.23605979049681386,-0.17568106054690405,0.010433321103256862,-0.041638719008432926,0.013875970437910692,-0.041829463184528036,-0.07974658544377645,-0.45043749206585537,-0.32705279266852194,-0.37651002111295323,-0.09995624916708845,-0.23165577872361093,-0.32792670301982063,-0.07043534663202555,-0.08341128356395199,-0.1772271533943276,-0.07820422728858181,-0.015372328948637859,-0.007290137654632539,-0.12292786503623662,-0.17105562775755256,-0.15521370460141337,-0.1387419932742345,-0.06986117265847787,0.006562611061174969,-0.4105648343377093,-0.4203334895292855,0.24269200763313092,-0.06542333145195325,0.4273295064658042,-0.1709639789369518,0.9644516580066534,0.11710474840602547,-0.016731924379512902,-0.3244374764414098,0.010762099084027836,-0.14274741087838178,-0.20653183193045482,0.009517225599490737,-0.1522130323022654,-0.08679611554219915,0.08730636011556331,-0.13897596537763068,-0.2753136488463488,-0.17653398059836084,-0.18039496795821508,-0.123293735424429,-0.19688412099915606,-0.105645862505046,0.3463118025003689,-0.3975614646869802,0.22098640253003216,-0.09584324483321255,1.0,-0.19527734517870093,0.1854168268684146,-0.09348411803766588,-0.18850010063045886,-0.24788882707177484,-0.186750423014319,0.006407272032843081,0.002592021402526499,-0.2541455675804206,-0.1822515182645058,-0.2841432137037081,0.13705225846982333,0.9314223504320273,-0.15067511367760678,-0.03763034400317658,-0.08530873117273383,-0.24569877528024972,0.06104437455075599,-0.1768664487354867,0.11328286141914723,0.9491225351611724,-0.015963251172207708,-0.023071862840397896,0.9135196445895084,0.9493310945938148,-0.20444209388113196,-0.05572222216660547,0.01592165444367387,-0.023204932518149424,-0.13178232395987055,-0.19659344962536848,0.3265969147820967,-0.15895504922118942,-0.2149741156675527,-0.16016657657177025,-0.10608906547204747,-0.23527185757729296,-0.3055410951917234,-0.20307709620523742,0.7636432520413682,0.14117024577941692,-0.13875112987631055,0.06191270004040882,-0.11689643833334575,-0.3166786674407251,-0.03630481700078548,-0.3237515207297682,-0.2536460361821279,0.9607473039863954
Matcha Green Tea Latte,-0.4017245656253798,-0.19236968663024143,-0.10382406896280315,0.9198269618663011,-0.1911260838395979,-0.02959433778783288,-0.12443610306688002,-0.24988994932029623,-0.1218199253262433,0.8112079975341306,0.26352102334246036,-0.1622477516423655,-0.2240633039744223,-0.0991771326269626,0.918335422080747,-0.31647884631833023,0.2435529878003221,0.951006143439517,-0.23980948580855257,-0.06742506320118694,0.9744584593600514,0.1428059392067832,-0.19050748113838223,-0.31046254058338174,-0.11960171302758177,-0.19253199642731905,-0.4000530585955932,0.4135355539819464,0.5775312098926042,0.5023067007345206,-0.02991950741224708,-0.3637269704731386,-0.004292536757208476,0.2162259985556783,0.7591562521912478,0.17266082165249508,-0.016239704434196492,0.12206403678530559,-0.20472459201156468,0.2058263330904641,-0.2639044852322045,0.15363897602705745,-0.11950627828060809,0.20241140574648928,0.31125408790611997,0.26724042058465025,-0.32258406087115743,-0.36651595430457706,0.11034843003367928,0.9611063474655288,-0.0928764712136868,0.1665189877300283,0.46931563382479424,-0.17119443561816067,-0.10652786067636172,-0.4121767000838805,-0.415710379830077,0.04799387398068648,0.05446107304902337,0.039692609751679056,-0.2697923089438503,-0.004480050401613547,-0.33710526516404365,0.7776945358703601,0.06667276618156945,0.48302739437489517,-0.4262929855873534,0.07517806104686318,0.04381128123458665,0.3769335214874052,-0.006823538233369397,0.040126349344548284,-0.19527734517870093,1.0,-0.08152449423573199,-0.048906468117147,-0.3302533766457216,0.05466633161774835,0.20087358417709053,0.5096014925725547,0.14250741150387525,0.16140387717369964,0.8817552872406103,0.17307672935361412,-0.11282169681464807,-0.1584928580881302,-0.15908472800611273,-0.23516238589774685,0.2478024146378843,-0.437936891518798,-0.35974180985899323,0.28400233147269527,-0.05082666915686033,-0.2115139322673214,0.0955437874636611,-0.036904346758495105,-0.08381709716369803,-0.18321177336538752,-0.29950877534336817,0.2938789235118798,-0.26327542474478693,0.3944074308523199,0.48209232031736854,0.14732109525790313,-0.14382217928648638,-0.1465161148114556,-0.30792533727626786,-0.24761847013284988,-0.23464118184431443,-0.29625081789180435,-0.17322521755601583,0.23394714774662842,0.07344379152486588,-0.021360981443769293,0.19246775194505752,-0.3302008175717694,0.14828018169806437,0.4014257302974651,0.26467382220720487,-0.20706824240360214,-0.3101485036056385,-0.1519689362050114
Meatball Calzone,-0.043126823420050586,0.05581765069228694,0.004197069199788541,0.057539932443809505,-0.3897586536679802,-0.21408463673562295,0.032502600711772314,0.9677673570798354,-0.06915622729871033,0.000740562253095739,0.0003784561161494504,-0.23223952376108642,-0.09444523988688713,-0.14981572846489394,0.0755744143532057,-0.09595199904876038,-0.19140615728759866,0.05146308934562279,-0.0862521892260222,-0.4429344403296259,-0.008573190805449299,-0.12273163792325333,-0.03837853029923439,-0.12171882047506305,-0.037018629719537885,0.032641672881844,0.057039801345507596,-0.3367100172158871,-0.005936878706663859,-0.3204655404913032,0.02357624972554989,-0.2513745875941253,-0.3394830957729386,-0.03268559192647873,0.02697107726794827,-0.036188051883934036,-0.4706144582556606,-0.22766639070371122,0.010425816381084842,-0.2758880460805019,-0.39200494443365713,-0.36635885932628265,-0.001163592112126079,-0.1943068673202122,-0.0794138142760134,-0.007366915363708662,0.9382879032162406,-0.33398904138788466,0.05309950432514839,-0.09394599443347107,-0.04198786705935931,-0.1794389443115303,-0.14602622026707884,-0.33211971174037197,-0.1384810517690208,0.0018609982488308969,-0.11770717246911054,-0.4514992486981193,0.11482605088946948,-0.4734692010027334,-0.02734069385592368,-0.22245409195996949,-0.22425723469539657,0.011413715737630475,-0.37799740037653146,0.11359582028575667,-0.12639718938114056,-0.04742835943611619,-0.2097516822918217,-0.1765404668162182,0.9860522956391502,-0.3953373359829308,0.1854168268684146,-0.08152449423573199,1.0000000000000002,-0.4677407917203774,-0.3777615283351114,-0.4715702426850752,-0.29311970903953366,0.04075842145103477,-0.1465712009139518,-0.386561652063003,0.017871567769869784,0.011760035081918292,0.9847484994939347,-0.1506011809315751,-0.08469995383952564,-0.03471093316307849,-0.0926716613297271,-0.14915876919638144,0.797672077881757,0.13530966154178478,0.992559041098721,0.17213094738779597,-0.46582384345783634,0.02652020261245421,0.34391379628544255,0.27231656126059095,-0.39537212264793664,-0.04185287734815683,-0.1163832884327484,-0.09356025887360396,-0.2303817434453093,-0.1279134769391198,0.9654630716944386,0.13670904207756848,-0.19557054728625453,-0.4637267506824319,0.031550358084387733,-0.33901536902306023,0.2700545588784915,-0.36230346728901386,-0.0753600562693998,-0.42768643422954067,-0.26539415669792676,0.8781818414287366,0.04798081901618742,-0.3191443387256553,0.026319458392805136,-0.278774098840416,0.0058868183069955005,0.2029113422382793
Mexican Coke (Glass Bottle),-0.016559996987878675,-0.15274843319858775,-0.2704812261058234,-0.12137823417850108,0.38167515646752953,-0.24941897644297373,-0.2939620728904481,-0.4234656691249191,0.5851197409187243,-0.10994045288902944,-0.07553516306764553,-0.18266432053235593,0.28008358483492457,-0.011733591102989993,-0.17586195070207994,-0.2750980340184384,0.32187550405243853,-0.17483547852049242,0.36686818561460205,0.8179448642298207,-0.13065311810860997,-0.06675657969443201,0.6181227661110328,0.6913092587020305,0.6176008708256245,-0.3183920333940195,-0.09980338537898159,0.3126549531986682,-0.0644740786457688,0.6967792664408241,-0.26772707070708823,0.8083132875549673,0.006852352388945354,-0.19071504200130693,-0.2161492188238666,-0.21289089368255124,0.9904166955547544,0.07645868336388172,-0.2714883296617478,0.20201342645086762,0.16941511247762894,0.13976625704003173,-0.31480722744236483,-0.0710584277095136,0.05448811881285795,-0.03035843504932663,-0.37936170821460125,0.027105473561441676,0.2818593339490031,-0.14340480543236325,0.021907018277168205,-0.02494516163330587,-0.08473432878421769,0.3564269126196133,-0.03513053956499666,-0.09722333319946562,-0.025746756696428535,0.9506803339396594,-0.20134359422443632,0.9770014278145702,-0.14470462172532414,-0.04902483079575003,0.13946916599035136,-0.23498290016795703,0.13538043991234455,-0.1417596381061095,-0.019777865946184227,-0.1893601409546655,0.4083723854507301,0.12892167956143388,-0.3906280819281004,0.1580113794956794,-0.09348411803766588,-0.048906468117147,-0.4677407917203774,1.0000000000000002,0.24480719689714497,0.9581967692244615,0.24274411442485078,-0.29593431861539415,-0.038730510821855337,0.2061278358874742,-0.20188329993938398,-0.014598667073336796,-0.41224606966141986,0.1280701716015508,-0.19115683160861968,0.5820783369598291,-0.15217431808280207,-0.0377783989635277,-0.22663412466516286,-0.18694959548418935,-0.4205480011709214,0.036822264535987574,0.9566375551419353,-0.29154923796098603,0.02477627782918796,-0.02620612509393242,0.8761993786201872,-0.19318167153207302,-0.27122767376622314,-0.13510200971670658,0.020632827547192357,-0.08954515612314708,-0.38674159690350196,-0.36951053563542163,0.8570701877329331,0.8790123682230984,-0.32766727088177405,0.27232448069627657,0.35009243062012607,0.22624032760402865,0.21144761190990588,0.8646751653332309,0.17318620066639823,-0.3064134244013279,-0.3011521329337935,0.3072239201255662,-0.25672406595253683,0.3155882620421087,-0.22628984181507084,0.007847037705658356
Miso Soup,0.26946156757444856,-0.1717361240368421,-0.2504970469655262,-0.29493758848024615,0.6957037890523446,-0.1383005656972454,-0.3080747072526001,-0.22552941343142166,-0.3700499678713402,-0.17024057812161997,0.23808817164709037,0.10596418898087132,0.5534168922315414,0.1574010153006567,-0.3710424570476121,0.45025381165849593,0.22189915175364883,-0.5130352701578448,0.6523471465577,0.6252347220833854,-0.4168333607486129,-0.29908792161416853,-0.27430238685369623,-0.1256999293724102,-0.3227125646565156,-0.24508476909366833,0.7775059219061468,0.31764891435530285,0.07693790439864186,-0.10009198540280129,-0.29708860763942013,0.4438681907287956,0.09408058053309296,-0.338673937299034,-0.30906375366468974,-0.3437302748398244,0.27515658640130214,-0.07125680369389635,-0.19569130735093412,0.12513478312860368,0.39258336958848217,0.160664881902866,0.3650290881830431,0.384169239319633,0.37009840734529853,0.24707755363139094,-0.1561500027701343,0.304920451648185,0.3158160400624181,-0.37682529181267965,-0.10106072216360769,-0.2574519581196976,0.03869851268556813,0.9179042339722016,-0.13705547607737886,0.05149399337896906,0.3171300277422138,0.0656887570148171,-0.3374462864717417,0.20686617995675008,-0.16098697252523103,0.6124244820365978,0.5190397509685779,-0.3071105345184973,0.16603717126644232,-0.5161470296223225,0.3249056114908318,-0.23977184462722517,0.4921814442786392,0.031747320536472994,-0.3699579537638821,0.10775083418896095,-0.18850010063045886,-0.3302533766457216,-0.3777615283351114,0.24480719689714497,1.0000000000000002,0.3709837254646235,0.1608157817298298,-0.36206968950018054,-0.23708632209574024,0.33143676592209315,-0.3561620531777555,-0.14073158422182455,-0.25109910360758786,0.027374043002328683,-0.11186023955982038,-0.26706072115154794,0.29623690241927764,0.8883283505534346,0.12815744907483198,-0.42685335439510597,-0.32398458510071676,0.015972123950954417,0.10822808047370047,-0.32436269332818735,-0.1091066097903146,-0.04776155053391635,0.541283634552304,-0.39153926092779884,0.4376743996695864,0.10733356619788263,0.2074357431579022,-0.08752854596807796,-0.2803586268095333,-0.40282760374283033,0.22210409109129603,0.5732245354316778,0.34031279507600354,0.5931367284806365,-0.3655103497932613,0.2537891262162506,0.14238070766732408,-0.08202461613940384,0.08256271079270977,-0.009574810246846385,0.15662583639658847,0.27319544846232524,-0.47888207150302786,0.6603276109132392,0.6348862102571025,-0.04670247021940997
Modelo Especial,-0.006862022809503038,-0.2094883321772365,-0.26041949816026566,-0.03666876526449196,0.5185579617781114,-0.35532712205556544,-0.30006180630625495,-0.44246239549427246,0.395628402223212,-0.042942734778224315,-0.01975248241852219,-0.2666997845043782,0.3219006276965973,0.11517931616105179,-0.11326211668073105,-0.29070681987467484,0.37737242602655,-0.1259377326044553,0.445559325640732,0.9109605040074061,-0.06136346193736205,-0.11035350913918834,0.4520024390357361,0.5180682771612585,0.4493945423939883,-0.32355280081587184,0.03150173787654715,0.523886211052375,0.011016151114069714,0.737457200607913,-0.23908225559447255,0.7908342775838826,0.06785859656253601,-0.1350665918833578,-0.20663525821210202,-0.17085139613574782,0.9591408893354489,0.07604224969530299,-0.26940735564994855,0.28222092458576675,0.21993435857330235,0.2567598226287145,-0.2812010258269348,0.016487078644667995,0.1568135823484148,0.03348145079232634,-0.3981166569225641,0.023474577578109397,0.3794570119735784,-0.06794573056054024,-0.11529455829798056,-0.07174243082391472,-0.0026046489046286725,0.5346939924834009,-0.10007415361094463,-0.15666735352078248,0.036977282962835346,0.8768282229847639,-0.22930158319411428,0.948612222317506,-0.29422043621116106,0.0501997237235215,0.25711147977833626,-0.2130273009393351,0.2056226276984604,-0.11637273305752453,0.038618482304245354,-0.1399837507439355,0.5031439885448334,0.32222111756394645,-0.3803698000218491,0.2172022940391869,-0.24788882707177484,0.05466633161774835,-0.4715702426850752,0.9581967692244615,0.3709837254646235,0.9999999999999997,0.3354106801038874,-0.37809460247297044,-0.0678326812637347,0.3628704152970538,-0.16106813789478464,0.038854398107773275,-0.38544567496209026,-0.0033968121177105157,-0.15109025681083715,0.40411673990819785,-0.051153460611816456,0.064603960173241,-0.17684865426536073,-0.17075173093874746,-0.39677557919750694,-0.07182746429598534,0.9059178474890259,-0.28692325226645354,-0.060429362220212474,-0.1330730748324199,0.877385237081496,-0.13965835773030544,-0.2773006536354565,-0.048483782124258135,0.1562249270764369,0.019042517813046785,-0.38677804719836745,-0.3862802854743037,0.7859874163331745,0.891736659853901,-0.322654512798308,0.36845520587227537,0.24015423548922651,0.38517163501054663,0.19702721047643587,0.7208215635991144,0.2390683278905471,-0.2799304246959601,-0.24790246975324678,0.5011852380844781,-0.2229069518150341,0.4730273048393174,-0.14744199400011374,-0.09459981779507917
New York Cheesecake,0.6170340778173415,0.6202447563231263,-0.2557794883222504,0.004523069725744414,0.37907119091452757,-0.21225950608476546,-0.25362204553500295,-0.37460923706415106,-0.316824322609673,-0.07936738005945944,-0.13729264663383395,-0.2229195143003006,0.22471343086581597,0.06751717631021566,-0.03108848849318016,-0.33269794952224363,0.3646284553487466,0.02419025230991172,0.2402689074578645,0.40047829229837956,0.04035824217869301,0.7585061291609891,-0.3400355054920618,-0.2929207320779976,-0.2958458186868584,-0.273705970997041,-0.10556532868204471,0.5835776792737787,-0.057933778115265545,0.3371086526724921,-0.19207724342167212,0.021651753005263452,-0.04273039084355411,-0.0801548287941503,-0.17878848766809163,-0.09856320846836145,0.23115778951854973,0.9059705107784759,-0.24326565297073882,0.9912646247928131,-0.009999261042671993,0.1485678600994533,-0.28168718601825754,-0.02813601244443006,-0.05277978519433964,-0.12356146119531368,-0.29855050065889877,-0.10207376392344288,0.4136914870049015,0.09536371431663512,-0.11891899103343977,0.7767695214637308,0.1141712579860645,0.34125811781480087,0.7475828708756986,0.5323429618671316,-0.12050749984949952,0.08674993091113084,0.6545840545584337,0.1787922713783405,-0.2274729905002285,0.007295818680529432,0.10705676713450163,-0.19189816733180226,0.2576704412345984,0.6022985434745539,-0.11628182091546249,-0.12082690806439005,0.4580368849311575,0.3456733841314137,-0.28369157448555066,0.11251227898608997,-0.186750423014319,0.20087358417709053,-0.29311970903953366,0.24274411442485078,0.1608157817298298,0.3354106801038874,0.9999999999999998,-0.33103750314969477,0.7979363419732456,0.35047974865155473,-0.11251313990496783,0.8699488295027685,-0.2846508481551332,-0.07048987973647795,-0.11072009390505635,-0.33917416926651045,-0.009803855630978232,-0.09624605680318986,-0.15388994001331024,0.6735968273597536,-0.24614297757452078,-0.07615018298823867,0.12441570563935396,-0.25235645122031597,-0.06732803575459868,-0.12834374419290975,0.1384294533553451,-0.015722915673568667,-0.3394324523390515,0.01955629813421021,0.2613466020021423,0.04565745820132093,-0.18758187092227468,-0.3072762999700767,-0.09418946124574959,0.21560992855601366,-0.3527830547350604,0.16187390272292132,-0.3376777540873382,0.4320536332215807,0.2232099678773381,-0.015131355557360733,0.9869966903920624,-0.24657141421603468,-0.16262411172970248,0.5380905325313619,-0.08342355778926293,0.27603585851883167,-0.23615574876895445,-0.10438959490747012
Oatmeal with Berries,-0.22329715175013726,-0.08100106844544439,-0.06152471379786332,0.6753788869738241,-0.37479922636357804,0.4384113082482265,-0.16162048551063904,0.004170160025991673,0.05396589546419614,0.8065639986398226,0.6632528004996378,0.4623900161118345,-0.3554599095370444,-0.38868219377274144,0.7440904673883291,-0.02630131578443491,-0.2895595958593202,0.5929703334608871,-0.37824542891759183,-0.4176089859388612,0.6188035037324325,-0.07986516119135646,-0.0040091694912468,-0.057555280989705096,0.024001908569782515,-0.1360705334111983,-0.24973114437601057,-0.3941570727899637,0.7484680975766772,-0.23286750451210741,-0.11783016758703427,-0.26586528007672683,-0.22556580615337068,-0.07856033123923117,0.9243766984820677,-0.05795095620671037,-0.3075151392290486,-0.20510861470720704,-0.13900881479940047,-0.30890947696007415,-0.22186289132244205,-0.3182392275318081,-0.05802232337590359,-0.16331008719975382,0.5255776171772992,0.6309750213323843,-0.026557920097126167,-0.11678522099861893,-0.38911038844828066,0.6491914958860342,-0.0009588297053287967,-0.08942695391796095,-0.0884971459655146,-0.41021545930329995,-0.0980651180543598,-0.10387383719339267,-0.22162464848416738,-0.22018433678549035,-0.06588070182607987,-0.3027780106782253,0.3037068136250869,-0.2242199717410657,-0.32455253307721627,0.8925294510087602,-0.20319309119426143,-0.038699964780016964,-0.21647388615147894,-0.09042908490668995,-0.39677318114174404,-0.3899659726634206,-0.0006361375188042445,-0.25350355747438413,0.006407272032843081,0.5096014925725547,0.04075842145103477,-0.29593431861539415,-0.36206968950018054,-0.37809460247297044,-0.33103750314969477,1.0,-0.12287183277767588,-0.35631229968203926,0.819081394176436,-0.21116423135212972,-0.025614146638426663,-0.051378216099136495,-0.2587332934804434,0.012074715101392339,-0.15264657228915335,-0.27373115530552855,-0.16476779530710906,-0.09522632937842729,-0.001066242377785409,-0.09681397625725828,-0.23554695987977953,-0.031686809663504484,-0.12156980018538244,-0.06407871572588282,-0.32629692873655464,-0.06792736277601777,-0.028821140075465275,-0.09867662461433674,-0.2009205680860398,-0.19600450821850418,-0.06771593580260764,-0.07055596297161815,-0.2222067028725601,-0.33096343038468684,-0.02192069960683868,-0.313583706200576,0.03131571709450501,-0.39462095278567777,-0.21700067514110402,-0.10796961379077165,-0.28945743476075964,-0.07755326235140193,-0.027815315899174888,-0.34878951348716747,-0.04193246083855448,-0.3767664020664853,-0.17176822838858075,-0.10211018748823729
Old Fashioned Cocktail,0.573684826564116,0.8521886843359904,-0.16530558533218337,-0.03735715037414512,-0.1751161260484394,0.03813834942273424,-0.06788976892482707,-0.27622579026522665,-0.08058681404182809,-0.16489189239361957,-0.3645003253967409,-0.12440600901390067,-0.16330161406998597,-0.19092230805598467,-0.013500721645457157,-0.11083959613381861,0.06490463474955623,0.13267104880709304,-0.25417708701121416,-0.14142654421270653,0.08009191500124167,0.9962926109075282,-0.17259065775569427,-0.18256160195195742,-0.10663563450218543,-0.11207736271396462,-0.3132353493478266,0.10572024718606118,-0.25934015193799964,0.16576219360963573,-0.12194409541103446,-0.30219341099163566,-0.20796308168629607,-0.03963734875569488,-0.12355431132340464,-0.03156607277446888,-0.08273801813359298,0.9713785275421785,-0.1393286332630504,0.8477210661350016,-0.32541212352989096,-0.1416363613490732,-0.07021896866028612,0.00841262452278598,-0.4054717213750571,-0.3720763843357704,-0.2392456476226643,-0.2811566290413922,0.003373929679232077,0.10727952767441895,0.00985550564086284,0.9872426578286501,0.2215409705445125,-0.20922249370409002,0.9355055372510207,0.6620504724759843,-0.35602356038359656,-0.06404515908546907,0.9252988054907942,-0.06980651848294535,-0.01906974053486253,-0.014872861292690406,-0.3090050786879644,-0.13028492082219603,0.013665213992474437,0.826303618833068,-0.34890211092084733,-0.1060664926113509,-0.009842868910822106,0.017225197311732676,-0.18533517775119432,-0.10466547394680976,0.002592021402526499,0.14250741150387525,-0.1465712009139518,-0.038730510821855337,-0.23708632209574024,-0.0678326812637347,0.7979363419732456,-0.12287183277767588,1.0000000000000002,-0.0601118560648874,-0.06272413664056908,0.9071276597402785,-0.2380002063940931,-0.015519319861818752,-0.07797999627526092,-0.13584743574108268,0.07011132764956095,-0.28702975121123214,-0.31051307607513073,0.9074854295702758,-0.16744512646615844,-0.07014506817022464,-0.07455660527285847,-0.1173595423883261,-0.05725106561473388,-0.09882915982110253,-0.2711540243558848,0.058530709777112236,-0.12013064383979546,0.13596202206282784,0.22076704121335705,-0.09734146038463604,-0.1220133673258807,-0.09332251202365581,-0.28793147878789366,-0.22852965270778325,-0.0987171644962475,-0.30623527468316775,-0.15322460701426902,0.04043686674000762,0.04292586455055793,-0.0018860844781005163,0.8792360567888217,-0.3073125027888376,0.0692047261156516,0.07350002280928827,0.06662008668779186,-0.2761642430786956,-0.2069317317548476,-0.07080729774489097
Onion Rings,-0.08539281258491836,-0.29239024640256556,-0.2671696086276365,0.11712700845829885,0.7550461544289545,-0.4681135449867333,0.19588774981876,-0.40216996596716614,-0.42839962030696993,0.05516875754636427,0.012609234887008436,-0.4091057204850568,0.3357951548247447,0.7587094604276006,0.02254347819750946,-0.3099389944328542,0.43480372380501964,0.027730578764742664,0.405089261218276,0.4796526099803991,0.08285858910731109,-0.09780780267783566,-0.40172732673290323,-0.37935817195213606,-0.4061138324481091,0.31070414893708115,-0.013325226814206937,0.8584768475899841,0.08608424005329679,0.3148113629390761,0.551845535135634,0.059982336687792195,0.8526150842133767,-0.07031062990255028,-0.13705488976800723,-0.10633783452818996,0.26678047551068995,0.07153953129769695,0.4005498118603411,0.27806079267473893,0.8101183637597699,0.9501030463690894,-0.24902885569696692,0.09260648866678423,0.1749190013083,0.0412684327877724,-0.38999704267926005,0.6717860607913388,0.4169771792060125,0.041142078937629445,-0.09183731555082535,-0.05513735837606562,0.13489122286513694,0.5022052739655942,-0.1605247913621623,-0.2573557377787191,-0.03609708409095956,0.10814743710069061,-0.24710741642721204,0.1777901174402111,-0.011022782850767174,0.07921072511734276,0.21389205378552456,-0.1305340507685882,0.9183241373281167,-0.05544233427491337,-0.047547594062400514,-0.12268290888895773,0.5193292805646298,0.8628245888512573,-0.3152889998930787,0.906381208181367,-0.2541455675804206,0.16140387717369964,-0.386561652063003,0.2061278358874742,0.33143676592209315,0.3628704152970538,0.35047974865155473,-0.35631229968203926,-0.0601118560648874,1.0000000000000002,-0.01747839926956235,0.02555421494185231,-0.2981807785622732,-0.03453307088408908,0.4452145369203524,-0.45634558240447487,0.03827963956991237,0.03264988122997999,-0.16702332836555364,-0.11271384816612318,-0.3094423139458373,-0.06507497214207758,0.1745046357931352,-0.2986043439040152,-0.09604491537749117,-0.10856009288908092,0.22713209863899414,-0.07979656549935939,-0.28349051861115077,0.0671489860335222,0.2642610985643972,0.10095065290641457,-0.3236674567066707,0.2707144344179754,-0.08433313185177065,0.30612043621229384,-0.3426868543163239,0.7787192822481942,-0.48420591256033974,0.9814322739465787,0.26856755450809244,-0.0892249042895209,0.2649056434440486,-0.2745571906294503,-0.1694942940753561,0.8987949994154435,-0.16582924500987817,0.42280824605674494,-0.15212600352495612,-0.06887517695363085
Orange Juice,-0.40098538482138385,-0.22980948319916614,-0.1909960821315417,0.9476517662949131,-0.275851425409195,0.17404440879196686,-0.056906312331026,-0.10418054225704462,-0.05832382339812714,0.9526321433507555,0.5486037956104173,0.10810041442196827,-0.3426094331158168,-0.13799322875627268,0.9723883051338852,-0.18569612316224776,-0.049085081062126695,0.8997002743023579,-0.3420483322208584,-0.2526048992333831,0.9404168492726432,-0.04547934536370564,-0.11080285759964285,-0.22015596818012778,-0.06174008534037793,-0.07003958676849925,-0.29767420288874735,0.07441761231530361,0.7856896465324434,0.17650898123790643,0.025797529157689736,-0.3375524566568692,-0.03587800323027951,-0.0034492265969704693,0.9632310296912463,-0.024928480384669438,-0.18630285102329572,-0.12428977097916794,-0.07412864382535625,-0.10949146128314771,-0.204812736277517,0.01211578178932321,-0.05923255493456639,0.06491487194117483,0.5173721947551901,0.5402567404915507,-0.1694608977239233,-0.22773693835317993,-0.156900898509708,0.9361990378425187,-0.12781582625797516,-0.04721261026486774,0.2526602982711067,-0.2814409323950398,-0.21358513349786318,-0.36517180302679775,-0.4310260306869261,-0.09978273507277481,-0.06418662019516745,-0.14162438856288098,-0.055904009137306365,-0.07985704616752237,-0.41877181835668587,0.9719871538911234,-0.010248071562237226,0.22471831499310224,-0.436483549950257,-0.10162195567938813,-0.20695991386699256,0.11213645480509246,0.04507749770656501,-0.03262223396867908,-0.1822515182645058,0.8817552872406103,0.017871567769869784,-0.20188329993938398,-0.3561620531777555,-0.16106813789478464,-0.11251313990496783,0.819081394176436,-0.06272413664056908,-0.01747839926956235,1.0000000000000002,-0.06287797894883787,-0.021027918342997567,-0.19817139849108878,-0.11167631048761134,-0.13578556544825698,0.1099326280472113,-0.35143887164505516,-0.24680853595353774,0.07721345516457459,0.024705678372867135,-0.23397940996139757,-0.07888779482840992,-0.13637987717872396,-0.15871956375090926,-0.19819839044027612,-0.34328555415540474,0.04618359321282467,-0.1462656079791697,0.21449106868709278,0.20193819627856616,-0.10206491328867537,-0.08750299407212027,-0.019564146865225618,-0.28711035116152617,-0.3245038634401996,-0.11041725160005368,-0.29386734769695966,-0.055325261430916414,0.004960477258190488,-0.12398854001997718,-0.10876008359969452,-0.10627657148898431,-0.18312495702526532,0.11685196272901606,0.09523013145606067,0.049484965342579526,-0.34052928708968416,-0.20813995475999453,-0.19004836460990776
Oysters on the Half Shell (6pc),0.686411503575448,0.8483455036102086,-0.14443186544710357,0.04079837758267625,0.0023526782171274276,-0.18880774204752973,-0.16734036881851852,-0.1316042944947875,-0.18776110703359936,-0.07913086808722197,-0.1959622732341598,-0.2601921251947164,-0.17833667071264342,-0.08999490334774131,0.03699100570452489,-0.23958073880795253,-0.017981092332363995,0.10674274446479706,-0.16311517272495343,0.022714336708984224,0.07842909913242103,0.8949162349015826,-0.22104819668648001,-0.24207407220895655,-0.16301952453235843,-0.1832885104963495,-0.10289918146552335,0.2710868250334408,-0.10899795674826077,0.17074614287757814,-0.12431532817278229,-0.13816862987661818,-0.26445669602405963,-0.006692245981127712,-0.11652078426930695,-0.009279514954865703,-0.07208805993108883,0.9146068237156729,-0.18518371548439763,0.8998834899689964,-0.3018391930306111,-0.13584655363123205,-0.15380919575935825,-0.08609828771492407,-0.200579591909186,-0.18286900200637837,-0.07221942711625604,-0.31756602442443405,0.06308298068475549,0.10065996254698564,-0.3102552775198045,0.8517683916193831,0.11942928465607494,-0.000731484876920136,0.8586789710685652,0.6878706841722314,-0.19694118274359718,-0.11965836444827746,0.9208711365877995,-0.06545100616254144,-0.1353925821112936,-0.0515815213986031,-0.09783868369751111,-0.13304276163739465,0.01417506098282979,0.8152884566255901,-0.1952030080188856,-0.054301093597998,0.023468243881720013,0.17111674472904057,-0.02484401336508044,-0.14579540931726875,-0.2841432137037081,0.17307672935361412,0.011760035081918292,-0.014598667073336796,-0.14073158422182455,0.038854398107773275,0.8699488295027685,-0.21116423135212972,0.9071276597402785,0.02555421494185231,-0.06287797894883787,1.0000000000000002,-0.03422768237378909,-0.3239368304075137,-0.10849858206319142,-0.19599238118107487,0.010699663756770882,-0.1965436948919359,-0.0493159751569859,0.9193817224604457,0.032818526564289845,-0.27912566937488686,-0.1100180183307064,-0.11258696373402767,-0.2129542719418685,-0.2906005914610216,-0.14848286631666457,0.0673641128824645,-0.2563459709396154,0.045007490895228625,0.1885697470118873,0.014057400582187712,0.02495244791685346,-0.13262255984079233,-0.18874818707527732,-0.12342977513441852,-0.1759680466039591,-0.1722525130116732,-0.05314964112718811,0.11332071038577934,-0.11498810936457238,-0.14431036128174127,0.9102630945231724,-0.06258089046440682,-0.0008917321318193182,0.23071157927794275,0.05842792365191695,-0.026990650084617797,-0.16574810496818243,-0.2891111885495101
Pepperoni Pizza,-0.02621459598823547,-0.016150511314936597,-0.025140207111151777,0.03178412503968321,-0.24706035808281837,-0.2570078101433585,0.019651836453468068,0.9759293480079322,-0.12697988960325682,-0.0020709804091328943,0.06585585573648028,-0.23013400390274097,0.007829844898363403,-0.060818344934866715,0.035370115928629875,-0.118647908223842,-0.14841447836289906,-0.019054382092661193,0.04739517914676933,-0.3126489454402481,-0.05817982630252948,-0.22462071986105492,-0.06937046892006928,-0.13379125102387612,-0.08102396060742928,0.0266169866953144,0.15795605721676914,-0.25025670849776976,0.03399602819707856,-0.3199816127673085,0.01589539789546164,-0.15098658805020057,-0.29781708510867727,-0.07337897934884592,-0.008172481853642458,-0.08252192579601218,-0.40816588734757114,-0.28763651415610375,0.017405485784164516,-0.2850779929726028,-0.3012085159373243,-0.30217581285859685,-0.02649394768166953,-0.20557822973532447,0.015722245689226186,0.06351858254208934,0.9578411051987566,-0.2755712298961252,0.13865691353858992,-0.13264842590337408,-0.08450699648958768,-0.2788766155025788,-0.19783921408719551,-0.1789754482577939,-0.2141939971854294,-0.028294059320576395,-0.04305109512205187,-0.4300539912041333,0.02045655182305155,-0.4249123475402536,-0.09548790976784485,-0.20434948685973275,-0.10910358590692544,-0.020024770111463766,-0.3360556760446091,0.009185852079903817,-0.05200882394612527,-0.07333748574841749,-0.10937617831200759,-0.11154749928876852,0.978485026924069,-0.34943773583509735,0.13705225846982333,-0.11282169681464807,0.9847484994939347,-0.41224606966141986,-0.25109910360758786,-0.38544567496209026,-0.2846508481551332,-0.025614146638426663,-0.2380002063940931,-0.2981807785622732,-0.021027918342997567,-0.03422768237378909,1.0,-0.1729093472869971,-0.06021051246002753,-0.07334417770283032,-0.11326556687884155,-0.05482459108039005,0.8755207898859206,0.040347871918240616,0.9939107704949923,0.16919521800867,-0.43581992260516056,-0.01800737240349818,0.3354804507886811,0.2629393513707082,-0.28225016103843864,-0.09622330536134394,-0.13824752290452422,-0.1367235807925026,-0.2467192119968417,-0.11965553248359174,0.9710028349207344,0.10808591170705344,-0.13174294719207358,-0.3483394577754434,0.002553851640579953,-0.2122275130633567,0.2427153015401422,-0.2822085513735881,-0.05304140261401403,-0.4479776662093392,-0.2828907892108738,0.9317477677110404,-0.0026757508197614733,-0.23758810441694425,-0.041845107147652466,-0.13559027675741323,0.04316885894682791,0.19366102486273523
Peroni Beer,-0.28788054522139184,-0.2321816052564898,-0.08605558359461613,-0.29900742455716867,-0.044387929467842924,0.2933621957313838,-0.0544021710567314,-0.03187141829356167,0.028879253598619835,-0.29357958160004705,-0.325041139103253,0.20558481404764578,0.6644215851559886,-0.20809277851969787,-0.27309715363150416,0.020278708203695452,0.6932468763442107,-0.14487815248253888,0.445612181679099,0.025726896024735466,-0.17802838076818073,-0.02246669220162306,-0.05987463493289232,0.03371170251273871,-0.06213300906833959,-0.14472214245212905,-0.42661740205529797,-0.11389000292422607,-0.33215199257381756,0.057067854677043076,-0.2584904383828432,-0.17944652644027212,0.085095378257591,-0.09918895469031425,-0.20013693073645328,-0.09927012619790618,0.21943996690984524,0.03204780237190428,-0.16598012322738454,-0.07031303416280386,0.045983889638478465,0.0501236506980209,-0.09450892584796748,0.09491366537853466,-0.31526469188461714,-0.3736271957275992,-0.05692620021225421,0.09100134317036562,0.522268535196476,-0.1565468472416503,0.9846705886630066,0.1144476644718998,0.03597207069611915,-0.099880937360996,-0.013810789762421732,-0.20789731124730165,-0.14943527260050665,0.20253468620835463,-0.27721514928737406,0.12946408181046606,0.0810526439972228,-0.03572269699703297,-0.14238019151320427,-0.20097320116082223,0.009297510472239156,-0.22064751245506745,-0.1380226143576064,-0.11602275612433324,0.5343108052258675,-0.27702525417884305,-0.09387719597525337,0.08938485241442357,0.9314223504320273,-0.1584928580881302,-0.1506011809315751,0.1280701716015508,0.027374043002328683,-0.0033968121177105157,-0.07048987973647795,-0.051378216099136495,-0.015519319861818752,-0.03453307088408908,-0.19817139849108878,-0.3239368304075137,-0.1729093472869971,1.0,-0.15801806795680218,-0.06567176335055683,-0.04524722376751744,-0.15139107249905184,-0.15328701924087587,-0.29483674799841325,-0.206343673336189,0.9311386339436138,0.19405262315351424,-0.08791256819307491,0.8428260565521462,0.8969029478983064,0.013419892930056973,-0.07562691429701233,0.02462607063624871,0.010872436088378342,-0.025871173019537518,-0.1463970628752976,0.019120489632461005,-0.2646943155093379,-0.10639085546316744,0.0879537668726309,-0.15493131880863129,-0.019884939891200933,-0.4396516186803533,0.0013287986393511336,0.8630043614048077,0.2922619014763165,-0.04973531435252939,-0.19822225891067258,-0.15720643666718248,-0.10657190622305607,-0.09693798553153579,-0.13324367683153396,-0.2506611789335698,0.9266277556105234
Philly Cheesesteak,-0.012112485072563923,-0.04915825464561034,-0.09144622171557565,-0.21684800446645092,0.15142692223171483,0.17262362200267134,0.9474949094542204,-0.09414034576377357,-0.09727808166981,-0.21931749937499406,-0.1906462677477194,0.05484883219213979,-0.15501617959862005,0.8795849057174133,-0.21740107088722357,-0.12874471218506606,-0.22954913133209306,-0.1379457034454031,-0.1503922889608047,-0.14939918481419004,-0.11175840803769999,-0.09147577083696665,-0.0522626494702516,-0.07068102079858496,-0.11033358185909764,0.9660197672269348,-0.03878089661020695,0.11360893349880946,-0.23960170201436057,-0.15439510833187164,0.8172706742109606,-0.12220750444746038,0.6793266795416424,-0.15988759393352855,-0.20743733044376383,-0.16902355102053182,-0.19483835869198593,-0.13807416667963818,0.9645636064415088,-0.17562586016510684,0.5151385730687659,0.610525111043654,-0.08987656023685933,-0.18008878987479976,-0.1769042018046914,-0.17575411805215402,-0.10211380325869815,0.48693830081006845,-0.2076298800111626,-0.06132404292921245,-0.14717880118158397,-0.14288685990678313,-0.13908133068541173,-0.0823335012726859,-0.10054693255833738,-0.01909555035726998,-0.09487652054481067,-0.14641747665865293,-0.045362482673559155,-0.15421300002069668,-0.18825729975725408,-0.16918189674574044,-0.08591907725899298,-0.10619880224689981,0.4363766639022285,-0.08031050969929401,-0.09962696804838739,-0.17922412460832007,-0.18394808000177232,0.5279395476461554,-0.10810090295207672,0.6175993874483413,-0.15067511367760678,-0.15908472800611273,-0.08469995383952564,-0.19115683160861968,-0.11186023955982038,-0.15109025681083715,-0.11072009390505635,-0.2587332934804434,-0.07797999627526092,0.4452145369203524,-0.11167631048761134,-0.10849858206319142,-0.06021051246002753,-0.15801806795680218,1.0000000000000002,-0.07358839594238675,-0.13340633623281484,-0.05072725511629928,-0.06701028438737738,-0.0066692576950224056,-0.07627508274926786,-0.20858358130925547,-0.17610245509371605,-0.10635478525320184,-0.24876051737870425,-0.24258213713667592,-0.13290389289532328,-0.16335781555168544,-0.0821262158989372,-0.13036203786905587,-0.1627461538957434,-0.17142075954707678,-0.08889031372080125,0.882509446111907,-0.1374013300013603,-0.14835476977006173,-0.06988228352021303,0.26935766664481375,-0.005982642374144996,0.474203755745363,-0.22118236807594474,-0.18852736693117866,-0.13548325830876073,-0.07043979921430255,-0.12303011913844383,0.1304957045207017,-0.10123706911861803,-0.1129192631425202,-0.036543903780972706,-0.1520685931145369
Pork Carnitas Bowl,-0.1323163081166812,-0.01909671854518332,-0.03234186737180466,-0.1847120324554255,-0.3543490136598074,0.06235592825167116,0.028818888439602952,-0.02476381612426247,0.9810880935598509,-0.16698544797764667,-0.176725059786056,0.008390537395605371,-0.35383124903825575,-0.2663880450206064,-0.1611857398900276,0.017815173993430616,-0.35791848406775045,-0.13072218453712917,-0.3147037598070991,0.10105441818108998,-0.15493626790314308,-0.1113204173701614,0.9954611377795617,0.9766870792730868,0.9885820680627632,-0.013893183503117794,-0.13332799391515418,-0.46538648050928755,-0.20941256781302803,0.3083022443426057,-0.1207569332235869,0.5765465239321318,-0.29469746755176923,-0.12042580550311582,-0.09925809929333468,-0.10721251271108466,0.5093160963619676,-0.21879765793093556,-0.039541209639621905,-0.32324183341139917,-0.249734959769067,-0.3497274438539264,-0.02953797694732263,-0.17347840642851595,-0.2219348341103164,-0.14549474755441438,-0.02989865944066424,-0.23041627654122973,-0.41532133262613186,-0.19871549203679023,-0.0735884708345119,-0.15457869731382165,-0.16425802625097438,-0.3272515576615826,-0.08986472332381452,-0.02188841404239017,-0.12430510466411292,0.690909443716759,-0.0552673324335356,0.6084834128319778,0.0498143040610277,-0.16848826841088274,-0.24743293398048727,-0.10039013326535101,-0.35527012053934803,-0.10307801636086084,-0.11813396790135597,-0.10651077395998859,-0.39809067909214324,-0.34599305599253544,-0.03642545827865867,-0.2564392084678696,-0.03763034400317658,-0.23516238589774685,-0.03471093316307849,0.5820783369598291,-0.26706072115154794,0.40411673990819785,-0.33917416926651045,0.012074715101392339,-0.13584743574108268,-0.45634558240447487,-0.13578556544825698,-0.19599238118107487,-0.07334417770283032,-0.06567176335055683,-0.07358839594238675,0.9999999999999998,-0.16461791369944784,-0.1648841857213528,-0.13015247974156727,-0.10882319328687046,-0.06114416923511445,-0.13927369863589217,0.6239949360796275,-0.01481897915807542,-0.11297455449663908,-0.1450062165626782,0.4331007330005897,-0.12511420198543147,0.015303314946626666,-0.14960468237014757,-0.24785168527390197,-0.2404906332839577,-0.10340040772900544,0.024648226779542683,0.7872635518542629,0.3349782207759491,0.06463412649433438,-0.31839133278830245,0.8862221490032779,-0.44414844928847025,-0.31005742425729416,0.7921334368059185,-0.31722780975124126,-0.06278818604123053,-0.050053935229514665,-0.4531644819640759,-0.06517714799686847,-0.3002489311144051,-0.06459526455108967,-0.12865296165435025
Pork Gyoza (6pc),-0.3175232030904768,-0.18759587871041097,-0.1336327196425909,0.20634851660952805,-0.241078369989679,-0.24542123690039186,-0.09061161275785881,-0.16586318704160155,-0.1259785097784217,0.02377763108569947,-0.31204869533362894,-0.3870761725198805,-0.1254002879196099,-0.1778848202989096,0.16164077913084435,0.7097896286688281,0.1462149906951456,0.2935611922261983,-0.19306750141540716,-0.1397913877754919,0.266124666750562,0.046614217626130675,-0.17054244710238917,-0.23782288999690623,-0.1236623004754656,-0.11665734954082929,0.3299690227120718,0.18040628339062614,-0.1430359960641332,0.28364445523056486,-0.08827394321701296,-0.32366060653899337,0.0016907742094391283,0.06335770580902902,-0.04277912414248352,0.04122199620789758,-0.11797438340246261,0.028132310324775072,-0.17353845334108736,0.05945306782219527,-0.2535745326105803,0.05852394686031412,0.8606281368500913,0.9811139992981774,-0.23977328875776205,-0.31049212126053183,-0.2526660547584931,-0.2787058144946971,-0.02857820043677104,0.1420936380931811,0.006696957891940087,0.07647494725833803,0.9263243632434096,0.09891784361323554,-0.16406115238708188,-0.3499441768158854,-0.36455870226194476,-0.02692560239857398,-0.00971321508701199,-0.012698444284840859,-0.19264697279946988,0.921880972925764,-0.3500361898937531,-0.0036659401218996843,-0.03927981373594816,0.25765604978111556,-0.37288093848967957,-0.026910604255592392,-0.04321847680447265,0.12190461825294246,-0.03968303251045974,-0.04991595857917512,-0.08530873117273383,0.2478024146378843,-0.0926716613297271,-0.15217431808280207,0.29623690241927764,-0.051153460611816456,-0.009803855630978232,-0.15264657228915335,0.07011132764956095,0.03827963956991237,0.1099326280472113,0.010699663756770882,-0.11326556687884155,-0.04524722376751744,-0.13340633623281484,-0.16461791369944784,1.0,0.4326860369536134,-0.30097426680154094,0.1354598116949227,-0.09055239617699924,-0.12293882598721756,0.006569508621748722,-0.07794782831173495,-0.057819034164542815,-0.10854822807052945,-0.2880633249037565,0.12204243070942612,0.748661772982496,0.9705553060073305,0.9103502173917978,-0.005331864021553834,-0.170341653061905,-0.1426067530378943,-0.278702098223375,-0.27537661275496716,0.7550971236259193,-0.2899189369352779,-0.21650957449316593,0.05575023491595521,0.03967679673258745,-0.053500029499339734,0.03628480632243268,-0.28399632179304696,0.9490929163479295,0.1324732639290152,0.11262158453480216,-0.26660385319545243,0.6828846538354237,-0.06601158031794474
Pork Ramen,0.2661790300534145,-0.09403114474249842,-0.15374291922429215,-0.33435524617406065,0.37775454013526605,-0.02921589638689115,-0.16598568247107517,-0.012487975641618201,-0.2987396123393946,-0.2113329552130684,0.20443784061348136,0.17315272253410335,0.24986721718517313,0.057721967907448775,-0.38384311036065644,0.7290248595590156,-0.13591476321825763,-0.523260118419423,0.34075043735262645,0.27944896925802626,-0.4522248803025716,-0.3328852415115815,-0.19686738864253786,-0.09096185773429875,-0.25142309254777867,-0.10422371998408711,0.9409370165820303,-0.018404500929393646,0.012184842923287989,-0.3423387469644341,-0.2443903450307385,0.30507726311823113,-0.06676149021079646,-0.3254017312612561,-0.28860738822910015,-0.31520530473454034,-0.03726908843142086,-0.21156033858545575,-0.09329577434326183,-0.10033748268566946,0.18036652583187568,-0.07932304433996229,0.6583543304438508,0.46544927855611434,0.2655859213183823,0.20791903074449403,0.03457052749561275,0.16237239746826135,-0.023954182509264225,-0.4300937361177679,-0.23347931230830754,-0.33930171109445567,0.08662390159433095,0.6996926019393888,-0.1741369375343155,0.10743757578075955,0.2924989214759631,-0.15779813513189167,-0.2519447164735333,-0.04217451604220552,-0.13044561274946656,0.7204801515780624,0.3710943784517661,-0.2698983870347974,-0.08581379279140013,-0.4985347903890537,0.29944515135557026,-0.21401355990549498,0.10164211417029463,-0.17290434356487316,-0.1846623283902534,-0.12217841433572113,-0.24569877528024972,-0.437936891518798,-0.14915876919638144,-0.0377783989635277,0.8883283505534346,0.064603960173241,-0.09624605680318986,-0.27373115530552855,-0.28702975121123214,0.03264988122997999,-0.35143887164505516,-0.1965436948919359,-0.05482459108039005,-0.15139107249905184,-0.05072725511629928,-0.1648841857213528,0.4326860369536134,0.9999999999999999,0.2251644000156248,-0.3734461899890037,-0.12259835786580676,-0.13908537134821,-0.14242580296137508,-0.21186738936430075,-0.24303391865540844,-0.1739446746348233,0.2952434818879759,-0.381008487452771,0.7145648572977163,0.2075006648719548,0.18367921087736772,-0.15769469456204577,-0.13122852040875993,-0.23259276568104478,0.1258866824372579,0.27703964801036246,0.6775787981436643,0.3260092234877889,-0.16794875971868964,-0.05572428803292215,-0.16072065290282503,-0.23912990050645433,-0.13264575598637546,0.15024048391584352,0.41689127503895035,-0.06901129746296122,-0.4123143447878067,0.4129438402349734,0.8972282596419017,-0.18159245529606077
Potato Gnocchi with Pesto,0.25825291932003647,0.02572785859138304,-0.10296401711618926,-0.20101319308119173,0.15715037166845328,-0.2176687167458474,-0.09463014275416512,0.8812448206439001,-0.24623251797564685,-0.11660628187032795,0.2570396351250348,-0.03641388680488286,0.29562572457366637,0.06265297790875293,-0.21633778820133046,-0.133274479068229,-0.10377739137073586,-0.373364181870938,0.40193421688822045,0.03833780085766559,-0.3580673132785913,-0.32021219939904433,-0.13108181224434734,-0.09883911433107564,-0.17982105991937092,-0.05589241520519409,0.4144333261954658,-0.1621150147063203,0.09092244303842913,-0.44959684470738753,-0.11510157680940322,0.17577639815973464,-0.2760127408502281,-0.26076436367740197,-0.16183507173786116,-0.26361024284788065,-0.22562738791110412,-0.26896996265175466,-0.026085489713011653,-0.1918439739472004,-0.051987916290433527,-0.26377269883827387,-0.1345188705526367,-0.34836781574514647,0.24412268485330638,0.25900986936744413,0.930085915553965,-0.059012830958444375,0.2803690441543675,-0.3634602036570143,-0.14653171344152913,-0.3668612658741423,-0.48151053553274253,0.22378922340320437,-0.15966478878519152,0.16763110000549655,0.22289235464588503,-0.37350075364302215,-0.07821737486754171,-0.30412569675362167,-0.12384274797973463,-0.21244464013191286,0.24980516456556892,-0.18319538357567017,-0.25710452275119106,-0.28204323550722543,0.22154892448073854,-0.1830487901188865,0.12937308319437496,-0.1462981265899557,0.7726872800277454,-0.2971225036745669,0.06104437455075599,-0.35974180985899323,0.797672077881757,-0.22663412466516286,0.12815744907483198,-0.17684865426536073,-0.15388994001331024,-0.16476779530710906,-0.31051307607513073,-0.16702332836555364,-0.24680853595353774,-0.0493159751569859,0.8755207898859206,-0.15328701924087587,-0.06701028438737738,-0.13015247974156727,-0.30097426680154094,0.2251644000156248,1.0,-0.15676258578837898,0.8301748912499939,0.1951444534410607,-0.37298316706994716,-0.14817536873795337,0.2750538499221349,0.24800771405146066,0.07872326452728291,-0.3230431319864483,-0.17184709131642728,-0.4054698414015924,-0.4417432416669138,-0.16538570050462525,0.8579161273779935,-0.045981013748184106,0.07519032043925203,0.02433764257489261,-0.08038467661274916,0.14655438440209317,0.14838376228184502,-0.1876526747940893,-0.014344331041560328,-0.4481002937579111,-0.20072498818068124,0.9835202330203794,-0.23955601979297572,-0.16037489061167018,-0.3058430740605566,0.2609650252280173,0.12022819686263045,0.17003101082347594
Premium Cabernet Sauvignon (Glass),0.4517532125435383,0.7911952213210939,-0.08152961098210512,0.14145059501006102,-0.3390110817786891,-0.10259899585196555,0.034457104305887616,-0.056974310362680615,-0.06087300506245053,-0.04344916769782868,-0.35564412698978104,-0.3037617408164216,-0.4053240703613616,-0.13890358118443275,0.1624281830529399,-0.16851973683415514,-0.10789599205707892,0.3145225473065764,-0.4551837087257451,-0.2961263935459392,0.24825618195698293,0.9131859759358149,-0.1338254090726558,-0.21918190041637903,-0.06130691148168988,-0.01389609611383048,-0.2824135107990298,0.10642118425854805,-0.1972705823252106,0.1914807144479596,0.017509702241273975,-0.3889567589641151,-0.25122935358583354,0.08967863944577796,-0.02305938323892942,0.0867211269068792,-0.24319083737169436,0.8294177088115795,-0.054211394232085895,0.7280218320665207,-0.46318985431611853,-0.1675154375121814,-0.03287079985253446,0.008333270142057432,-0.4021667252188384,-0.34993306376668726,-0.050445319102135074,-0.4391162739524199,-0.11039099545244142,0.2351959883117429,-0.22029730830011263,0.8615857894317039,0.2910358353307868,-0.3432285506141347,0.7823358783766152,0.5366899831523017,-0.39410832720395383,-0.17502864149426844,0.9474138948368002,-0.18053308950751626,-0.12243199033604875,-0.049799490632022304,-0.3902264608491056,-0.017288750307346827,-0.07325120457364696,0.9508423750467153,-0.3961202802171191,-0.005731310728516275,-0.212958019775349,0.1458935111042295,0.10270163450998669,-0.17604326506960416,-0.1768664487354867,0.28400233147269527,0.13530966154178478,-0.18694959548418935,-0.42685335439510597,-0.17075173093874746,0.6735968273597536,-0.09522632937842729,0.9074854295702758,-0.11271384816612318,0.07721345516457459,0.9193817224604457,0.040347871918240616,-0.29483674799841325,-0.0066692576950224056,-0.10882319328687046,0.1354598116949227,-0.3734461899890037,-0.15676258578837898,1.0000000000000002,0.1279861741684108,-0.2748612795700585,-0.18282505076460084,-0.014016416862733586,-0.1665015496703292,-0.26199936203981283,-0.432730231245223,0.18927813312059497,-0.16683329955197834,0.21950617565662356,0.27359245505651353,-0.011368140230556717,0.09376955646277564,0.0662767580352428,-0.339102486931473,-0.42412542068937553,-0.06017379871408326,-0.45628324691827166,0.03909559733517798,0.000709863217201831,-0.16875324454890306,-0.13677603208528835,0.7540905251710873,-0.11012031701782136,0.1791472274948455,0.07370216529420699,0.22383418237644775,-0.3751032945969356,-0.1836330376130756,-0.24250185191413973
Prosciutto & Arugula Pizza,-0.030683520803109786,0.029310990788033876,-0.02558115323622253,0.08810479829435834,-0.30367985375891804,-0.28405134119154213,0.012101642418385156,0.9575169059574518,-0.10260993306865088,0.029326913620169565,0.03684409460145778,-0.2819390940554154,-0.06291981957552699,-0.09203063572264561,0.09355912300625437,-0.14072842842908936,-0.1626048379701357,0.055595273909411894,-0.028707157436578885,-0.3542031243097951,0.007001095803288962,-0.14996439733142408,-0.0577096988158926,-0.13959607669573224,-0.05787173943221635,0.018258035211046852,0.10019262601568633,-0.24001675142799272,0.03569508651611464,-0.27178189120775353,0.03117038297345292,-0.19520052128869037,-0.3118421624330071,-0.04271365194755395,0.024951639937059955,-0.05245036622033766,-0.42149819467145544,-0.2298419717687371,0.005739701776820372,-0.23841217855109365,-0.34940574890090575,-0.31110518773172047,-0.030611838983525458,-0.1941743724190724,-0.019695510639628995,0.035877213969458935,0.9334007520517171,-0.31951234323355154,0.10710327105384308,-0.07958626268345628,-0.10623955412373015,-0.2082949883265569,-0.14648173755762328,-0.24376525940661906,-0.16666497837901906,-0.01768733588774827,-0.10013084772889805,-0.4253657026067402,0.09267284267286105,-0.4287036206026155,-0.07873740355425604,-0.21240490720836852,-0.17301098766802964,0.01004253940786122,-0.3326303990535296,0.10840944320478484,-0.1101933534933787,-0.05860397113234152,-0.15221733305521842,-0.09230059532640011,0.9872607207967198,-0.35652282762727494,0.11328286141914723,-0.05082666915686033,0.992559041098721,-0.4205480011709214,-0.32398458510071676,-0.39677557919750694,-0.24614297757452078,-0.001066242377785409,-0.16744512646615844,-0.3094423139458373,0.024705678372867135,0.032818526564289845,0.9939107704949923,-0.206343673336189,-0.07627508274926786,-0.06114416923511445,-0.09055239617699924,-0.12259835786580676,0.8301748912499939,0.1279861741684108,0.9999999999999998,0.13063255447407254,-0.4310157479888209,-0.007888888173491112,0.31266988290802034,0.2291987837216494,-0.3330350907451981,-0.05498247605430664,-0.15914255254707882,-0.09611747632377379,-0.20454777886500838,-0.10946717481425992,0.963662947667559,0.11944351979696691,-0.15902132081488954,-0.39915847710063207,-0.0057663882563243705,-0.27078430297596395,0.26516555631072025,-0.28506019056453685,-0.07709366365151006,-0.4353360342930417,-0.23430805759064766,0.897644620123617,0.027307546030057847,-0.2251550930213131,0.0025256968095375486,-0.19796691969548574,0.007802173187913718,0.1602383458545413
Prosecco,-0.21686738814969136,-0.2045031713639694,-0.15858956983390363,-0.294486753470164,-0.01256376685247491,0.14073086083259514,-0.11562205112217139,0.29548602075858754,-0.07132784031977833,-0.2900305532416454,-0.2528972764548306,0.10008790253471139,0.7461762650713034,-0.2026892245738461,-0.278493710911526,-0.06844461131437105,0.6915809307728956,-0.19341728876992392,0.5608818175065395,0.017197903243298132,-0.22998416514215336,-0.07835390960741147,-0.1309375204979716,-0.0428316168036685,-0.1374407730575088,-0.18559048243300463,-0.33630087979902723,-0.1210044620920494,-0.2809415938641886,-0.04400713121568667,-0.27775227161104743,-0.1700471877174226,-0.0028091474321619014,-0.18105597770906046,-0.22367049069966038,-0.18575944979876893,0.13112764137932423,-0.011179276987607864,-0.1936974454117464,-0.08411125777627154,0.003949362304688266,-0.020162132955063562,-0.15898746641914793,-0.0074474321682108605,-0.24592907918125828,-0.29949320509559263,0.2807521602362757,0.04513178021325821,0.6495395216774479,-0.23285417222868338,0.9310109803947456,0.043403046565416645,-0.07346646472614425,-0.05896479496952001,-0.04445928605589779,-0.16409040159283117,-0.14758357948158193,0.0648351396197324,-0.2544923671350682,0.01116920107971728,0.05794994355598915,-0.1136879555757984,-0.12147962521867478,-0.23893997848479026,-0.043564019307860496,-0.2264977454012004,-0.13857015092992067,-0.19121408683974656,0.5886204146407744,-0.27997875951503604,0.2281402682306068,0.004489437414033057,0.9491225351611724,-0.2115139322673214,0.17213094738779597,0.036822264535987574,0.015972123950954417,-0.07182746429598534,-0.07615018298823867,-0.09681397625725828,-0.07014506817022464,-0.06507497214207758,-0.23397940996139757,-0.27912566937488686,0.16919521800867,0.9311386339436138,-0.20858358130925547,-0.13927369863589217,-0.12293882598721756,-0.13908537134821,0.1951444534410607,-0.2748612795700585,0.13063255447407254,1.0000000000000002,0.06205493560140962,-0.16668769610408302,0.9626798362858927,0.9921120064386552,-0.008283876286314145,-0.1693594879848757,-0.07709668602991335,-0.08435226956573132,-0.12590771181219168,-0.20701937045643093,0.3556848072924074,-0.2813508314544954,-0.12289383246402738,0.051365656678881835,-0.21246644057836472,0.006764761417517959,-0.39981727717884796,-0.028584539832339342,0.8816001724193304,0.1242853297610447,-0.0659974371920335,0.15038517046054994,-0.21720774085032069,-0.10684636444848382,-0.18700614566632162,-0.08818122003931343,-0.25169792650274647,0.9910715707200995
Queso Dip,-0.2636638735096633,-0.2903128899702854,-0.21880848019208837,-0.005392328661327966,0.191958777279016,-0.23446221255453067,-0.21894748958485835,-0.4547788845286222,0.6679296154337572,-0.053287284378555066,-0.19619052387626434,-0.2571496341399405,0.18381226553568167,-0.06010720596195724,-0.05345896903190098,-0.21854597990852573,0.36907040826690424,0.014504356079042421,0.22327308045142497,0.6835933885839616,0.03746966683417412,-0.09529049075753737,0.6685631337904382,0.6991303000534903,0.6831710459426124,-0.27452284772713564,-0.2315964298200923,0.2968766880621393,-0.10947942204777146,0.8197404762621138,-0.21318993049892965,0.6564956967047484,0.04608261172765057,-0.07574491850183751,-0.14191191948922624,-0.10504464225666432,0.961062026078052,0.0011107146665310218,-0.252122550853087,0.09973051645079223,0.07601554757626618,0.174558865302977,-0.21343053836197687,0.08419716809796676,-0.06611465083701354,-0.15407433257799058,-0.45546522390695204,-0.0645019218551946,0.2387508484179411,-0.006827498917549538,0.12173861413332544,-0.041221073103570746,0.12024454469826817,0.18674721976399658,-0.15334825915518233,-0.30719650602970494,-0.15563677018061173,0.9943883321335447,-0.26322407937408243,0.9862689375342275,-0.1700727434470194,0.021748254910789043,-0.03288286649821324,-0.1456749990778829,0.11027366405527655,-0.06332459890543471,-0.1534362586307593,-0.11712952425830854,0.33612544933284966,0.16467292515772247,-0.36452090098289064,0.1740356264622897,-0.015963251172207708,0.0955437874636611,-0.46582384345783634,0.9566375551419353,0.10822808047370047,0.9059178474890259,0.12441570563935396,-0.23554695987977953,-0.07455660527285847,0.1745046357931352,-0.07888779482840992,-0.1100180183307064,-0.43581992260516056,0.19405262315351424,-0.17610245509371605,0.6239949360796275,0.006569508621748722,-0.14242580296137508,-0.37298316706994716,-0.18282505076460084,-0.4310157479888209,0.06205493560140962,0.9999999999999999,-0.21418449802389564,0.08155096596286034,0.011914129772827142,0.7321470978511823,-0.0581991435267825,-0.19592649343425952,0.06585977625686824,0.1833644015504719,-0.04510461729927425,-0.4146244327119048,-0.31336708897191096,0.7750643950371747,0.7363139552747935,-0.25242912747523777,0.10575654043697387,0.35861055045481316,0.21242525604998702,0.2532785245313534,0.9319719357887011,0.07258142056477372,-0.42397511151774486,-0.14408964281983128,0.2918195202516973,-0.10928437279083081,0.13010858235774045,-0.23452224806759384,0.06386207398977975
Quinoa Power Bowl,-0.1961583082450199,-0.07576446030513873,0.9934366470708906,-0.1387074534218556,-0.3391781666738417,0.14532204864806386,0.023812468595177876,-0.005535388409482255,0.009712757603591804,-0.19165915864180733,-0.25961403449164333,0.08430685918695158,-0.3148167294883972,-0.19663931082260785,-0.08767329818020492,-0.01768328600513752,-0.1915641880145049,0.0018817208928445274,-0.35328367484374695,-0.3344092644461917,-0.06726314359246781,-0.07581025749856152,-0.01875000643348065,-0.0840545725601431,-0.01925330003741301,-0.061520482070920715,-0.1543282592679132,-0.1745499925494001,-0.2885844828536811,-0.13745793488796373,-0.008207986483546868,-0.2591840078072477,-0.17000902132251777,0.929430312090237,-0.10916882605990308,0.9468973053984878,-0.3070854325407609,-0.1767309266307015,-0.12073608492976157,-0.21154991639799134,-0.2781424294643633,-0.22520677544030993,-0.02609254790009843,-0.09681571189784303,-0.3095304471422064,-0.2702055564614091,-0.04829111789668032,-0.2418949475901817,-0.262198268054521,-0.01963638182197542,-0.053207397287946524,-0.09521046545027356,-0.03600952219220108,-0.3161809462077431,-0.11741232656360243,-0.13163458472980993,0.6487063117433006,-0.21316963479511072,-0.0325753696656326,-0.23520087808959553,0.042011006188175555,-0.1944068342179074,0.40851099064230456,-0.1121026764265427,-0.3263796768792132,0.051400868607636735,0.6386784158729174,0.9669740843872957,-0.3094997662343703,-0.10859860552717972,0.007836698090651104,-0.27507794369597965,-0.023071862840397896,-0.036904346758495105,0.02652020261245421,-0.29154923796098603,-0.32436269332818735,-0.28692325226645354,-0.25235645122031597,-0.031686809663504484,-0.1173595423883261,-0.2986043439040152,-0.13637987717872396,-0.11258696373402767,-0.01800737240349818,-0.08791256819307491,-0.10635478525320184,-0.01481897915807542,-0.07794782831173495,-0.21186738936430075,-0.14817536873795337,-0.014016416862733586,-0.007888888173491112,-0.16668769610408302,-0.21418449802389564,0.9999999999999999,-0.14062611854371257,-0.12116024576710724,-0.3097861561481183,0.8956558313742213,-0.023403732284891687,-0.02906208616725426,-0.05873629600107015,0.8672280939458189,-0.04180866213009044,0.04626842902099529,-0.20271707160022573,-0.321208808253448,-0.0031004256869521197,-0.2916069576922863,0.0697598305428273,-0.31860863482131935,-0.20692030851247617,-0.1328275534598287,-0.2326334436150357,-0.08773269688358042,-0.01723877684308491,-0.20638549699414466,0.9123932819687816,0.12113276558138011,-0.131205186648782,-0.15309791301491465
Red Wine (Cabernet),-0.30227279970832305,-0.22697876233526418,-0.15118955684745528,-0.17593775839915593,-0.11905656624195989,0.008183374853005174,-0.1299060551928496,0.4222412937726107,-0.032808415397097695,-0.23331875389463555,-0.3126721233065919,-0.07485074727243528,0.6738292716666066,-0.23644260403520975,-0.16617922903313187,-0.14650111412701225,0.7108437924488918,-0.05172338035763215,0.49676733755934704,-0.020190627472746463,-0.10374545733205254,-0.06349787478493843,-0.09336936737925347,-0.04860339383337194,-0.08515933785407179,-0.22112268430500592,-0.38546619194515885,-0.06744245971375869,-0.2797100784274105,0.08104614736015249,-0.2753899237016425,-0.21743407280394933,-0.07247399258117244,-0.10498204370385374,-0.18890332125825463,-0.12218497733049576,0.11961257000010483,-0.015657268394970534,-0.23885124647613581,-0.06905800920070136,-0.13729993272917138,-0.04813353261634679,-0.1674012205350821,0.025310791606637982,-0.29360111324164384,-0.35119708095717783,0.38700403670679095,-0.12229487527268403,0.6931316932395091,-0.1407163361773579,0.8730883685592561,0.04822395211364035,0.024290966948603467,-0.13541910451535139,-0.0923632755165954,-0.2516133769136299,-0.23289541486594534,0.07796501459170802,-0.20715089910813933,0.023798691733200213,-0.04180145345240134,-0.12684210015485262,-0.21013762737637456,-0.20102406284233443,-0.10848114974321231,-0.0793340752394809,-0.22907395223967025,-0.1488456045328928,0.5657935831229373,-0.1959469434609793,0.420910654043996,-0.059498442277139615,0.9135196445895084,-0.08381709716369803,0.34391379628544255,0.02477627782918796,-0.1091066097903146,-0.060429362220212474,-0.06732803575459868,-0.12156980018538244,-0.05725106561473388,-0.09604491537749117,-0.15871956375090926,-0.2129542719418685,0.3354804507886811,0.8428260565521462,-0.24876051737870425,-0.11297455449663908,-0.057819034164542815,-0.24303391865540844,0.2750538499221349,-0.1665015496703292,0.31266988290802034,0.9626798362858927,0.08155096596286034,-0.14062611854371257,1.0000000000000002,0.9787170179380581,-0.07714911751531198,-0.07946267282874903,-0.14752923166592852,0.008871673586361078,-0.03157784310040501,-0.16017036739277074,0.5087591365484281,-0.28270979679725555,-0.13283350537474506,-0.028110827983233513,-0.23879632090888153,-0.12000982322774674,-0.3040724026990681,-0.033381635978934385,0.8703305892161088,0.11804722751727673,-0.05645677122048181,0.24886508197241708,-0.15345123589548235,-0.05865253658744339,-0.0901544404131516,-0.1580862179290401,-0.2932957046976989,0.9753757124668027
Red Wine (Chianti),-0.2637021522656582,-0.2246654156551021,-0.11927343257056613,-0.24607485454223638,-0.0789268058862598,0.09769933287855816,-0.1327481622046774,0.3826521111181603,-0.0739672192808024,-0.25733022580036086,-0.24993583764280863,0.05158036751904986,0.6973823865927884,-0.2428219481429894,-0.22825822294678036,-0.07132277382731461,0.6627950057405734,-0.14353409360902103,0.5128065581827793,-0.05267215785180563,-0.19080772801920304,-0.10071376092990936,-0.13619670931091257,-0.06770273074174349,-0.1374542707952312,-0.19935365330112811,-0.345746292560118,-0.15013693708080098,-0.26404487546925,-0.06044004267727558,-0.2669482933951202,-0.2210096901238779,-0.0355253953789396,-0.13090385574257232,-0.18948341827313714,-0.1358142163956456,0.0681513112393116,-0.053237531421941306,-0.2106978275977703,-0.12934783694305704,-0.04980983565058603,-0.057929072310155066,-0.1452470355584194,-0.004434134382739494,-0.25320396692044345,-0.2971112058615219,0.357631447806959,-4.513018895641735e-05,0.6299788499366954,-0.21202425523531943,0.9134451922373351,0.015201359313213177,-0.05450696122890864,-0.11870013320241284,-0.08428160442337457,-0.20204127956879794,-0.15289147805013395,0.013284336680203995,-0.25477490845938944,-0.047167306889618996,0.08225596498375308,-0.12648095100323659,-0.14920569365412392,-0.21050331480130904,-0.08006007014233076,-0.19944067652416805,-0.1461664493021312,-0.14751692104571612,0.5393492577496145,-0.29185361899842477,0.32948400778585324,-0.03858398403627398,0.9493310945938148,-0.18321177336538752,0.27231656126059095,-0.02620612509393242,-0.04776155053391635,-0.1330730748324199,-0.12834374419290975,-0.06407871572588282,-0.09882915982110253,-0.10856009288908092,-0.19819839044027612,-0.2906005914610216,0.2629393513707082,0.8969029478983064,-0.24258213713667592,-0.1450062165626782,-0.10854822807052945,-0.1739446746348233,0.24800771405146066,-0.26199936203981283,0.2291987837216494,0.9921120064386552,0.011914129772827142,-0.12116024576710724,0.9787170179380581,1.0000000000000002,-0.0770324309112492,-0.12021700537760814,-0.08174661961188343,-0.0623692487444277,-0.120218309602129,-0.17497534737048628,0.43849825518035795,-0.2691240690791371,-0.1612784146581675,-0.024266084275692698,-0.1981228334950471,-0.0469585297751809,-0.3692835547580421,-0.07403970794684564,0.8565377432359693,0.0785711802598743,-0.11242182050573354,0.2186022326143733,-0.18477339428760228,-0.13141592437635805,-0.13231816963600948,-0.12863786745178374,-0.2541061596788904,0.9879645205447096
Rice & Beans,0.1818869467985632,-0.1822762138282775,-0.24069920611521914,-0.28535081104175586,0.6368757713964743,-0.18977492200460547,-0.30348033999703716,-0.2670125677980809,0.35446273926851546,-0.15126620430835325,0.19659354881450125,0.03224010878266574,0.4228946380953483,0.1262014106239701,-0.3467562117566727,-0.1823924016659091,0.17480694672328168,-0.4758834757330221,0.5829217308700742,0.9095314610292353,-0.3875209326624339,-0.31006694697272225,0.45856812212243575,0.589157060769306,0.4125952148725911,-0.2800555292684687,0.2719136239060734,0.25121853546883915,0.05925224042754723,0.33589862886656663,-0.28870676707659837,0.9583752022465877,0.0023150147496101975,-0.31271111279067965,-0.2750384702868144,-0.32400622762008546,0.8624979395224233,-0.11212090233684319,-0.20794731036972308,0.06908960129592501,0.35278289704395965,0.10294988473010241,-0.28852782494322565,-0.19852362946808905,0.32415583952946186,0.23922995484487747,-0.17904936035751554,0.213555169324417,0.27965309758212903,-0.34757471857393674,-0.13420702543030438,-0.2892130410551982,-0.3716967374964721,0.6454180146072201,-0.1377518656337635,0.026148174670840248,0.28295570901961115,0.7235234709576958,-0.35390809907361803,0.8064774060282213,-0.1452330982479532,-0.04043072424086755,0.468149065216768,-0.29634922580848005,0.11273407562992616,-0.4846741577496149,0.29198858460967325,-0.22694158738857814,0.4423894981381658,0.046105440532091035,-0.3570634232201802,0.11910358976453062,-0.20444209388113196,-0.29950877534336817,-0.39537212264793664,0.8761993786201872,0.541283634552304,0.877385237081496,0.1384294533553451,-0.32629692873655464,-0.2711540243558848,0.22713209863899414,-0.34328555415540474,-0.14848286631666457,-0.28225016103843864,0.013419892930056973,-0.13290389289532328,0.4331007330005897,-0.2880633249037565,0.2952434818879759,0.07872326452728291,-0.432730231245223,-0.3330350907451981,-0.008283876286314145,0.7321470978511823,-0.3097861561481183,-0.07714911751531198,-0.0770324309112492,0.9999999999999998,-0.36954137171388224,-0.1977668394541024,-0.3704856821920658,-0.2167000960563011,-0.10590554731916604,-0.291157346027347,-0.370027195487594,0.8855054982868584,0.989513117970227,-0.258823707577149,0.5366091302083353,0.28410750792839423,0.19114152016210148,0.0897269557590121,0.5962561413096261,0.03164437396852079,-0.0350627495313292,-0.4161975103175524,0.24113330869724794,-0.44146061511028206,0.6191579756199721,-0.016002816227363405,-0.07176621901170475
Roasted Chickpeas,-0.3337621666793585,-0.11591355358348308,0.8581456882975845,0.1257175942861668,-0.3230936001924241,-0.08184050245798276,-0.05413926155640218,-0.15214619426337403,-0.03958652004838845,-0.040909866501128,-0.36824354192971626,-0.2199778046530262,-0.2984423935505125,-0.18345440583078587,0.14917617214191778,-0.14297054118765262,0.0719783216025754,0.3101812054084295,-0.35667179254555353,-0.25185470245861874,0.23110223383075457,0.09145379048133695,-0.10663044729610657,-0.21421625399368038,-0.0659428380799818,-0.1509215562309385,-0.33858859881486636,0.15362695582411223,-0.2450998357139163,0.22118769348981507,0.026035003143182207,-0.38245620120418883,-0.061606105430578824,0.9903342204411838,-0.021971909173713423,0.9835828137105754,-0.18501732285987568,0.015488702604717592,-0.205362377743048,0.03181283691247976,-0.306331965797092,-0.025189242069994424,-0.05422306042865524,0.09781027223267852,-0.3606572848903308,-0.3697352883709222,-0.2233976879912935,-0.3276344808340111,-0.0704533953266607,0.22501669010572287,-0.019791293034574532,0.0991031437398751,0.281477549481685,-0.313918684256156,-0.08155925681018149,-0.28972918549358173,0.3935553504169546,-0.08650118439068588,0.0504616335028214,-0.10678351135214163,-0.04267903852823436,-0.09516454920086206,0.23372450116241136,-0.0258688456446053,-0.14277515191441026,0.3471725795868192,0.3773210430627528,0.9466832908079994,-0.14264740239598173,0.1739376215225353,-0.006962955025095665,-0.11985497354221365,-0.05572222216660547,0.2938789235118798,-0.04185287734815683,-0.19318167153207302,-0.39153926092779884,-0.13965835773030544,-0.015722915673568667,-0.06792736277601777,0.058530709777112236,-0.07979656549935939,0.04618359321282467,0.0673641128824645,-0.09622330536134394,-0.07562691429701233,-0.16335781555168544,-0.12511420198543147,0.12204243070942612,-0.381008487452771,-0.3230431319864483,0.18927813312059497,-0.05498247605430664,-0.1693594879848757,-0.0581991435267825,0.8956558313742213,-0.07946267282874903,-0.12021700537760814,-0.36954137171388224,1.0,-0.12867926999144969,0.23962370230960228,0.27969131358614324,0.9141740138565138,-0.10991642862368127,-0.02259055490368734,-0.2992865368148505,-0.3463510104246282,-0.10462981278335189,-0.32378298129113253,-0.05905166005664707,-0.05827815453836195,-0.032868565477188146,-0.05602620418199131,0.003706778379925905,-0.2714702592401902,0.09849830106405927,0.12165962876867799,0.9888515564610411,0.0531875414515209,-0.25404494722140214,-0.13208002270713315
Salmon Nigiri (2pc),-0.09083717497702881,-0.08373162221190172,-0.036019917941950766,-0.18940931740601136,-0.2671120567315577,0.13879386931553064,-0.014541657343112108,-0.06517269272480498,-0.024952261921119424,-0.19057853484302617,-0.1432458645690067,0.11106563257364628,-0.14572349771152318,-0.2584273873692101,-0.1906259420432621,0.9952583038356441,-0.23418683780063815,-0.16610627128135674,-0.20937315705326276,-0.27886691918901896,-0.17985620382568074,-0.12887813880316465,-0.03504159973525538,-0.02384298224046185,-0.04136037088914085,-0.000469167715184203,0.579342680130643,-0.35229085977170405,-0.1965748352047023,-0.2580485257077095,-0.1545941906700527,-0.1561154351657735,-0.12406596582954456,-0.13090554567974702,-0.14557835650582124,-0.10859109635319562,-0.2723537523431105,-0.18820920969949628,-0.060015231129271276,-0.26945572926439787,-0.16586741892018853,-0.23288396460797384,0.9683691779501825,0.7590040524222366,-0.17212382906871962,-0.1618566874204735,-0.1065564417465179,-0.07220113140314058,-0.3630986029905172,-0.23364035080048323,0.03786349664810758,-0.12589086541469177,0.5054283281752657,0.0786719823448131,-0.13797448561129433,-0.06708505587550659,-0.08323134042610808,-0.1812114899179324,-0.10682993057089195,-0.18809056568704677,0.06380251653929517,0.8497650650434599,-0.18347190909597128,-0.11538496266541601,-0.24769377075579185,-0.18685442061224944,-0.07865676017184424,-0.1026388740301856,-0.3006593884198079,-0.37702221785085943,-0.1510949901526698,-0.23635070450922024,0.01592165444367387,-0.26327542474478693,-0.1163832884327484,-0.27122767376622314,0.4376743996695864,-0.2773006536354565,-0.3394324523390515,-0.028821140075465275,-0.12013064383979546,-0.28349051861115077,-0.1462656079791697,-0.2563459709396154,-0.13824752290452422,0.02462607063624871,-0.0821262158989372,0.015303314946626666,0.748661772982496,0.7145648572977163,-0.17184709131642728,-0.16683329955197834,-0.15914255254707882,-0.07709668602991335,-0.19592649343425952,-0.023403732284891687,-0.14752923166592852,-0.08174661961188343,-0.1977668394541024,-0.12867926999144969,0.9999999999999998,0.6146894560824828,0.4379368205281355,-0.19153697547730159,-0.1972279661040471,-0.06572121047985807,-0.14824030818448777,-0.2267449033709691,0.9737119065100456,-0.2267234972536437,-0.08523118507149076,-0.3392947097668506,-0.1849392224863746,-0.1025076206432323,-0.2742799691480658,-0.14210102395329383,0.8301595811819957,-0.3878418472137371,-0.10006829142029362,-0.24568242594939932,0.9009993333747308,-0.0659896878235972
Sapporo Draft,-0.43337980479742205,-0.20881691909591257,-0.1027721494335049,0.3169570189665133,-0.3298481324362033,-0.2639183459879042,-0.06079025913719319,-0.2053010282470918,-0.06920763406013164,0.08780827208842695,-0.3873715616373432,-0.46659446305251595,-0.17411794296834,-0.19248164270030976,0.27864272974406284,0.5674418370346382,0.22748939050532516,0.45821605597856846,-0.2716486750631105,-0.19641237952823112,0.4128966881936621,0.12108736506683072,-0.14482968533948484,-0.24200737114635007,-0.08012759340047082,-0.10452783121618714,0.10261017682620718,0.23250178513259942,-0.15109702580510462,0.4164902700776828,-0.028368538073306006,-0.42337307309907213,0.04811858816537536,0.16259302758160618,0.03022276907640871,0.134495988478286,-0.0935989142863326,0.0785960443152187,-0.16606669730391693,0.09278379562210637,-0.29209588779777024,0.11734022637818109,0.7475325070910389,0.9489219928888457,-0.3172174409020343,-0.3864564409163213,-0.3121528984534205,-0.321154291340902,0.0006411733893623346,0.2738567931700575,0.0841772685194645,0.1608903153126381,0.9867328854528191,-0.05273195545392622,-0.15064193046613328,-0.43350864833954844,-0.4615189533474875,0.030401426126724602,0.025196052688025848,0.017371521152284086,-0.1751746430640298,0.8138235562591105,-0.45764265894880674,0.06743892037641061,0.008710374747859653,0.39215173480502985,-0.4725354352127602,0.0348404787318239,-0.04031783347481309,0.19992687397975997,-0.02184510772126337,0.008509762153136972,-0.023204932518149424,0.3944074308523199,-0.09356025887360396,-0.13510200971670658,0.10733356619788263,-0.048483782124258135,0.01955629813421021,-0.09867662461433674,0.13596202206282784,0.0671489860335222,0.21449106868709278,0.045007490895228625,-0.1367235807925026,0.010872436088378342,-0.13036203786905587,-0.14960468237014757,0.9705553060073305,0.2075006648719548,-0.4054698414015924,0.21950617565662356,-0.09611747632377379,-0.08435226956573132,0.06585977625686824,-0.02906208616725426,0.008871673586361078,-0.0623692487444277,-0.3704856821920658,0.23962370230960228,0.6146894560824828,1.0,0.9497896441925359,0.05176719702417017,-0.17715155372190686,-0.10322293925842191,-0.3318897646647956,-0.346808463913356,0.6229692976923585,-0.36962840003440545,-0.21769481226646714,0.10750365171671589,0.11250773900515809,0.016615847226775764,0.07451715070789355,-0.3731216057903316,0.9069358962760985,0.19455255035207172,0.23196456015426453,-0.3716936147891599,0.49310763593162077,-0.01254740632259318
Seaweed Salad,-0.33794573194690625,-0.17990847797247242,-0.12143671403939149,0.35471657438752824,-0.10273551380108312,-0.3753108172943358,-0.16297182759895742,-0.3511318788429441,-0.16421957908426982,0.11887974915975522,-0.3494893289292806,-0.5405155173260691,-0.05114514018080384,-0.10427218996137827,0.2946033216508757,0.3901617343851795,0.38165454017032285,0.46316973594659633,-0.11304896021970808,0.043046319878347464,0.43881868809239927,0.1921792953514885,-0.22930807250319213,-0.3075672525950362,-0.16006401387868374,-0.20575008097209352,0.08494335974735341,0.4981804711653965,-0.09582183826883806,0.567595095588835,-0.06589803581822877,-0.3180801657445628,0.10652518795995769,0.20148124550752763,0.0033341596005274747,0.16224067732426822,0.06776130065355812,0.22245252586882197,-0.2436283258929305,0.31539860333003084,-0.19311664047409846,0.2483786095446493,0.5822361723459852,0.9005464964566038,-0.22692247360325749,-0.3381115260417529,-0.4351704170051909,-0.2826823181303632,0.17807364014718172,0.32017268504785507,0.01614808482652321,0.2438555681645147,0.9662924037040823,0.1415478342317135,-0.076325349829752,-0.39859532414504106,-0.386695227672883,0.12599128562564274,0.05654457730299164,0.15302561110819712,-0.25948974916255374,0.7732744624502329,-0.2963455196345337,0.0333813473718776,0.14489578638000314,0.45005896857203137,-0.3986414846930177,0.07092425664658203,0.16756500081842712,0.3826956385412683,-0.13970474451447723,0.11355958563098692,-0.13178232395987055,0.48209232031736854,-0.2303817434453093,0.020632827547192357,0.2074357431579022,0.1562249270764369,0.2613466020021423,-0.2009205680860398,0.22076704121335705,0.2642610985643972,0.20193819627856616,0.1885697470118873,-0.2467192119968417,-0.025871173019537518,-0.1627461538957434,-0.24785168527390197,0.9103502173917978,0.18367921087736772,-0.4417432416669138,0.27359245505651353,-0.20454777886500838,-0.12590771181219168,0.1833644015504719,-0.05873629600107015,-0.03157784310040501,-0.120218309602129,-0.2167000960563011,0.27969131358614324,0.4379368205281355,0.9497896441925359,1.0000000000000002,0.16361201466256997,-0.27705062912169076,-0.21378204461976363,-0.27685671715129656,-0.1666964836900069,0.4322022806253434,-0.20287314231327905,-0.31590436981271386,0.3134180007273703,0.1952931738601584,0.048192521825182924,0.2846313216643885,-0.4513131872093715,0.7710960225212827,0.45098946489537783,0.23485380980646464,-0.14931024491620454,0.3773555151043661,-0.0671188076259946
Side Salad with Vinaigrette,-0.18473100509936685,-0.18382498413177648,0.8731632528008803,0.012341143330447477,0.042874070041433524,-0.17465595828334313,-0.16580702999287295,-0.17688033123548166,-0.20578628504363647,-0.07893722512154286,-0.18175037151240983,-0.16887761505855448,-0.0876364981968936,-0.03370682027621001,0.0080799849958329,-0.19127549237370084,0.1113603515083241,0.07426959273605852,-0.06657382118408404,0.035891540444862834,0.03773166985396455,-0.08057302578976983,-0.21639973194623816,-0.26708538940487064,-0.2037448358305825,-0.2193360833267459,-0.09773980826303066,0.31479813642164867,-0.15042350605219884,0.13122716736468334,-0.012404922690219942,-0.14146799424150922,0.012310764492238696,0.9474933958023141,-0.12317984664893863,0.9403807994338298,-0.07685585399686896,-0.059662093508073694,-0.23395444131221582,0.060216632715566897,-0.06454245818309937,0.07375904217939133,-0.14974145066397407,0.000343981136324036,-0.12852429794758408,-0.17441593375407125,-0.2044786181578093,-0.12973390526567188,0.06644795681936709,0.06488393609126245,-0.1489154005083049,-0.07124583969255122,0.08058770692406508,0.04402468219981388,-0.15592187666484197,-0.23864595592212745,0.6770460251435941,-0.09261416580082572,-0.10514387040436711,-0.05032655416175503,-0.05716468616898125,-0.09714549367914584,0.5929302670517281,-0.14127872451744045,-0.026464959488002295,0.09859435142766847,0.6617067344504567,0.9614859570933165,0.054008728275478764,0.24962454132526732,-0.09666237029348558,-0.03362461629800822,-0.19659344962536848,0.14732109525790313,-0.1279134769391198,-0.08954515612314708,-0.08752854596807796,0.019042517813046785,0.04565745820132093,-0.19600450821850418,-0.09734146038463604,0.10095065290641457,-0.10206491328867537,0.014057400582187712,-0.11965553248359174,-0.1463970628752976,-0.17142075954707678,-0.2404906332839577,-0.005331864021553834,-0.15769469456204577,-0.16538570050462525,-0.011368140230556717,-0.10946717481425992,-0.20701937045643093,-0.04510461729927425,0.8672280939458189,-0.16017036739277074,-0.17497534737048628,-0.10590554731916604,0.9141740138565138,-0.19153697547730159,0.05176719702417017,0.16361201466256997,1.0000000000000002,-0.1539617965882696,-0.11896869538859062,-0.1681555679751338,-0.07400945438062426,-0.18946510093121588,0.019562800174177827,-0.14876832842484455,0.08002152162828349,-0.029805812457018577,-0.13693720601756712,0.013381038230634185,-0.17025265091856542,-0.07663019560104586,0.2800012798075476,0.8639989578764458,0.44410499552588095,-0.18943990774054723,-0.20655234914892728
Spaghetti Carbonara,0.020732056656433816,0.0594646019345163,-0.05009090035685722,-0.05747783182950362,-0.2600645059302179,-0.17342607701048302,0.012579624157697367,0.9702242586464175,-0.13848782130460846,-0.09538457798343859,-0.030892398247206673,-0.1769156672895997,0.14526052476284115,-0.10706095450843875,-0.04339351773807203,-0.1766019201991612,-0.003232848845341604,-0.060502244528187886,0.13667153042662414,-0.30487756528107984,-0.10871005839106711,-0.11219964597986654,-0.10125792842107503,-0.14271765943084727,-0.11080506896139175,-0.013032528954822063,0.03589764758225789,-0.2631953876197827,-0.06536170373948763,-0.3067546174991554,-0.06533720853669178,-0.19945149055492473,-0.33065533972719735,-0.10080999382479652,-0.07660894931435362,-0.10993254250208596,-0.3714410023790614,-0.16082895205115852,-0.029523505639904607,-0.18850819118188272,-0.33965166518046563,-0.32644934949277027,-0.10471261820203895,-0.24582030759292145,-0.08304685556496127,-0.043320281951933604,0.9583469556580153,-0.307188368844345,0.26931576293629494,-0.16072158586000782,0.1041954593640325,-0.1436247307891009,-0.22408906847366902,-0.2106128480039814,-0.09235169551499091,0.03927935402669578,-0.0818061437136221,-0.40431066655613884,0.08611983685877084,-0.4077399281764423,-0.12332113924034602,-0.26644905402186186,-0.13687565025962725,-0.08642413263846997,-0.35975694054070023,0.05518961397122815,-0.08711900894103648,-0.10529331975341814,0.015413138896613525,-0.16539126102720683,0.9636420086071671,-0.36602766328222747,0.3265969147820967,-0.14382217928648638,0.9654630716944386,-0.38674159690350196,-0.2803586268095333,-0.38677804719836745,-0.18758187092227468,-0.06771593580260764,-0.1220133673258807,-0.3236674567066707,-0.08750299407212027,0.02495244791685346,0.9710028349207344,0.019120489632461005,-0.08889031372080125,-0.10340040772900544,-0.170341653061905,-0.13122852040875993,0.8579161273779935,0.09376955646277564,0.963662947667559,0.3556848072924074,-0.4146244327119048,-0.04180866213009044,0.5087591365484281,0.43849825518035795,-0.291157346027347,-0.10991642862368127,-0.1972279661040471,-0.17715155372190686,-0.27705062912169076,-0.1539617965882696,1.0,0.040599209237563744,-0.1702997298115058,-0.33896242354861983,-0.08684727824660289,-0.24695444473206135,0.15101867513058934,-0.2830733853381004,0.1261432177263962,-0.4031398197393586,-0.1784256476422303,0.9012095355360127,-0.08427253052994313,-0.2574074254883147,-0.05743403993186634,-0.16110412323749898,-0.062380151212592785,0.37816742063209136
Spicy BBQ Bacon Burger,-0.12743980022787338,-0.01942260290871751,0.03669297071230837,-0.09403571157308524,-0.11804096057995968,0.0413107651526467,0.8822717740882804,0.07769321616465133,0.021907074515638593,-0.14113031951467464,-0.20525392140047602,-0.09383836898148831,-0.4527349555849311,0.6863027277107447,-0.07913965239088619,-0.09290173012721248,-0.44611567117801815,-0.001520129520499458,-0.45710474088188974,-0.45870473872583906,-0.028865233500254106,-0.068888702247513,0.032116326591233514,-0.052075865693117784,0.001711756322400386,0.9588549447439765,-0.15789568043761387,-0.09539929473999131,-0.2166198645482566,-0.2420693233884683,0.9336057160485431,-0.2803532872610564,0.6253054782806885,-0.014205398950605144,-0.09245417200377565,-0.006202985949782639,-0.39261112956327426,-0.22058847956790725,0.9555382242124711,-0.33200152963805246,0.4035251546217331,0.4747284238817605,-0.047092742606275544,-0.2153641913851682,-0.26851029088658007,-0.19418856427419925,0.04092080331606362,0.46341609834083186,-0.4600697545996023,-0.06314162102607196,-0.20021551163077417,-0.1456964472253725,-0.10552558677910492,-0.40902340470002374,-0.12372887749170361,-0.0489407080169643,-0.1524873185718597,-0.27458868358195293,0.026230598330298352,-0.3428065368565144,0.15548507005086723,-0.24923013728768204,-0.25900765235090056,-0.035254692762314244,0.4015089043760088,0.0276985868796834,-0.16266975470451928,-0.050223206457301446,-0.4946582751897764,0.3944260042191329,0.09423634202990977,0.5351505781428059,-0.15895504922118942,-0.1465161148114556,0.13670904207756848,-0.36951053563542163,-0.40282760374283033,-0.3862802854743037,-0.3072762999700767,-0.07055596297161815,-0.09332251202365581,0.2707144344179754,-0.019564146865225618,-0.13262255984079233,0.10808591170705344,-0.2646943155093379,0.882509446111907,0.024648226779542683,-0.1426067530378943,-0.23259276568104478,-0.045981013748184106,0.0662767580352428,0.11944351979696691,-0.2813508314544954,-0.31336708897191096,0.04626842902099529,-0.28270979679725555,-0.2691240690791371,-0.370027195487594,-0.02259055490368734,-0.06572121047985807,-0.10322293925842191,-0.21378204461976363,-0.11896869538859062,0.040599209237563744,0.9999999999999998,-0.23068303927131917,-0.41379277211731247,0.003971610720104039,0.10162235686118659,0.16041770119071014,0.2678849354776683,-0.3936528461569601,-0.23881411328250252,-0.28381741582409503,0.022667498625859435,-0.022079588325121236,-0.033737957759972424,0.0654790378504094,-0.35966236740926866,-0.08515635417307826,-0.22479908453237904
Spicy Jalapeno Margarita,0.05817019796087826,-0.14276761885348704,-0.16459607710135793,-0.2532131335407136,0.2516393089837927,-0.15900422039665468,-0.20543215811840576,-0.11194393581422254,0.7144254500629269,-0.1591375780022405,0.0762409551546715,-0.022469045557193673,0.07950301774683373,-0.04031243934799313,-0.2874677031138326,-0.13501968612810547,-0.09997114508565325,-0.3743518725131703,0.22953931570321554,0.6619223263297709,-0.3264633188142061,-0.3012633855650314,0.8046694462050358,0.8717637762006762,0.7696636457570438,-0.2052200829750048,0.16362862420890398,-0.052372260992958004,-0.03211462392624437,0.3708648974639595,-0.2474578863727196,0.9491323367474452,-0.17548280003650946,-0.2533918933704629,-0.22319634397695684,-0.25692096512454193,0.8079643861891226,-0.22337704174206918,-0.16700523892782843,-0.13434889153031554,0.0888587876308834,-0.1255136089738749,-0.2119577151645357,-0.23719504011037335,0.14204420562775766,0.12497054365255567,-0.05566827026189404,-0.004018029533082786,-0.02096212435664919,-0.3309041325492637,-0.20377330773843164,-0.32018017644854757,-0.3462229374943455,0.28452651406907953,-0.1765463857749444,-0.00500966697280204,0.15138352630028154,0.7994077570806524,-0.2680281020433569,0.8231603195207976,-0.09627636229109321,-0.12152014185564303,0.21401847270401228,-0.2404197048473436,-0.12675048544203837,-0.3718609400758091,0.1584983434934551,-0.18757329153879077,0.07621067504470802,-0.11836158470853135,-0.17011865115691757,-0.08049690873860835,-0.2149741156675527,-0.30792533727626786,-0.19557054728625453,0.8570701877329331,0.22210409109129603,0.7859874163331745,-0.09418946124574959,-0.2222067028725601,-0.28793147878789366,-0.08433313185177065,-0.28711035116152617,-0.18874818707527732,-0.13174294719207358,-0.10639085546316744,-0.1374013300013603,0.7872635518542629,-0.278702098223375,0.1258866824372579,0.07519032043925203,-0.339102486931473,-0.15902132081488954,-0.12289383246402738,0.7750643950371747,-0.20271707160022573,-0.13283350537474506,-0.1612784146581675,0.8855054982868584,-0.2992865368148505,-0.14824030818448777,-0.3318897646647956,-0.27685671715129656,-0.1681555679751338,-0.1702997298115058,-0.23068303927131917,1.0,0.8202110798746636,-0.14192527225940751,0.19908616189002556,0.6815755223791525,-0.10467257090533327,-0.14498146298378467,0.7491715975849501,-0.16089733073638046,0.03672837306661793,-0.29928482485513186,-0.053450821303163504,-0.3162637709130949,0.2914543857786197,-0.02570398163281533,-0.1585761015712173
Spicy Salsa,0.1759602305541552,-0.19262476952538227,-0.25139290587848623,-0.2615078941961564,0.695819816517981,-0.18812034157889607,-0.33201423227591403,-0.33508021864878174,0.27168633883811333,-0.13378636625829987,0.1917897911045156,0.03123625865993649,0.5053032373621694,0.14072690265424107,-0.3264736343489004,-0.21363595288089987,0.2877694672747662,-0.4457563716361981,0.64891259291819,0.9457163489734666,-0.3542982199607136,-0.27170825636412993,0.3639840353188947,0.5036648268358926,0.32278776696685096,-0.31180347021124266,0.22506686428397996,0.33963833971959734,0.07112712071817909,0.368449820739396,-0.3013546075036612,0.9091423716508424,0.05345893341263813,-0.2954639612164537,-0.2658061142120321,-0.3099583009132015,0.8787134655811765,-0.05034599270027527,-0.23527841567393615,0.14346834501822178,0.3945816984751659,0.17003346839152092,-0.32057876901372795,-0.17105010042932886,0.33349895573774874,0.23030893827995924,-0.24673583915851535,0.24625128745221497,0.37095544693429516,-0.3067926639892295,-0.06554367736501202,-0.23308289471276353,-0.3347970986694818,0.6879122862468202,-0.109092789140351,0.0104418822096141,0.2765452895012038,0.7183798079527569,-0.35747037648454993,0.8063748483774379,-0.14902818974740595,-0.028797052569425063,0.48864319696770797,-0.28865812400233715,0.18140978080709377,-0.46306056215368696,0.2857597750517717,-0.21763658799560484,0.5450847415879403,0.09493768004489626,-0.41610597910969277,0.17879213250291326,-0.16016657657177025,-0.24761847013284988,-0.4637267506824319,0.8790123682230984,0.5732245354316778,0.891736659853901,0.21560992855601366,-0.33096343038468684,-0.22852965270778325,0.30612043621229384,-0.3245038634401996,-0.12342977513441852,-0.3483394577754434,0.0879537668726309,-0.14835476977006173,0.3349782207759491,-0.27537661275496716,0.27703964801036246,0.02433764257489261,-0.42412542068937553,-0.39915847710063207,0.051365656678881835,0.7363139552747935,-0.321208808253448,-0.028110827983233513,-0.024266084275692698,0.989513117970227,-0.3463510104246282,-0.2267449033709691,-0.346808463913356,-0.1666964836900069,-0.07400945438062426,-0.33896242354861983,-0.41379277211731247,0.8202110798746636,0.9999999999999999,-0.31060832342716727,0.5831850318189298,0.15640378251210732,0.27430171882528154,0.19270802442595394,0.5807298887450861,0.10513861055119418,-0.10447537300634717,-0.4374707749113946,0.3283192936677104,-0.432843287018851,0.6584923445644211,-0.06045610299843003,-0.014752255899433934
Spicy Tuna Roll,-0.06074582759739576,-0.017893438973127306,-0.025113014097073328,-0.12907838374982408,-0.3503776770523656,0.053121617966848514,0.005398609675005585,0.04794269952530207,0.012336858501663687,-0.15452481563484916,-0.13629155613032834,0.016621532043154648,-0.2998971074810587,-0.26336125820696793,-0.130768231479337,0.9709079687255778,-0.37333993040017754,-0.11242886367108043,-0.33384470744231215,-0.3534378609068591,-0.13580570825275345,-0.10118029138884928,0.01288654264567922,-0.009504210307181373,0.01248096987992219,0.029032206462743126,0.6125485302163066,-0.38378986503888607,-0.17456260908802937,-0.26362433202016855,-0.1036772994395457,-0.16398883979388398,-0.18935395528635496,-0.10844368376580765,-0.11729399677254201,-0.08687113933556236,-0.34731659263368087,-0.1936104056760514,-0.03367924852607414,-0.27602640932073663,-0.2527529383404308,-0.2947618155600711,0.9816740781937081,0.7259769068143831,-0.17942041688198437,-0.14652836772681865,0.0028394530145047815,-0.15688713682108812,-0.4587206927160735,-0.2120373373017026,-0.12005109731621783,-0.1285457316801635,0.5086873059722707,0.00703803438408331,-0.1285604932465426,-0.03149050625738142,-0.11334802930657255,-0.23453165193866535,-0.013082863733645471,-0.24071789202660784,0.051896517689959384,0.8213462181341071,-0.23500378881050346,-0.08892076481327066,-0.3027192540364144,-0.0878262975766885,-0.1119617573169606,-0.08851166101898791,-0.4365759823168215,-0.3524856509122065,-0.011752202800036249,-0.30414255915260635,-0.10608906547204747,-0.23464118184431443,0.031550358084387733,-0.32766727088177405,0.34031279507600354,-0.322654512798308,-0.3527830547350604,-0.02192069960683868,-0.0987171644962475,-0.3426868543163239,-0.11041725160005368,-0.1759680466039591,0.002553851640579953,-0.15493131880863129,-0.06988228352021303,0.06463412649433438,0.7550971236259193,0.6775787981436643,-0.08038467661274916,-0.06017379871408326,-0.0057663882563243705,-0.21246644057836472,-0.25242912747523777,-0.0031004256869521197,-0.23879632090888153,-0.1981228334950471,-0.258823707577149,-0.10462981278335189,0.9737119065100456,0.6229692976923585,0.4322022806253434,-0.18946510093121588,-0.08684727824660289,0.003971610720104039,-0.14192527225940751,-0.31060832342716727,1.0,-0.30721862983281023,0.05568095802754362,-0.3938998616616971,-0.3381269329192985,-0.15891191474194738,-0.28104065662348937,-0.0266414643932913,0.8763272250946155,-0.4174642577521424,-0.060113791270273956,-0.30587192006201297,0.9192079506106614,-0.19261963307464328
Sprite,0.18632204140425052,-0.24495552859408143,-0.20277970142019022,-0.20339505532698782,0.94506076260593,-0.34870106050079275,-0.020043210399131636,-0.22422943576254356,-0.38120885420535505,-0.08599635081435758,0.3029963674874654,-0.07960158231595582,0.49499785067339896,0.6269542120631146,-0.2866806740693147,-0.20498980297589328,0.21984012049981105,-0.4471081935564397,0.634832709566823,0.621137777132424,-0.3632534072505538,-0.3381996892990882,-0.29224688555755973,-0.1770492916979567,-0.3426716866018942,0.15440062277712235,0.29938445868471947,0.5398545113968444,0.16177267973066822,-0.08590627473469475,0.3265668682035966,0.4265755422745037,0.6484872143820041,-0.24197376018746725,-0.24764288563140818,-0.2459689333570379,0.306562167931933,-0.12830493566997475,0.27613238249570204,0.07546462990701351,0.9204515780930946,0.6612166913390528,-0.3065098221655343,-0.19309551258097069,0.416331102048791,0.324752182211379,-0.14448895386942806,0.8410311671040043,0.33421361830846574,-0.3555696777624637,-0.14171145346256075,-0.3113753438247999,-0.35234869108118694,0.7102180587806629,-0.18150766564001716,-0.0059331951741975406,0.35354158758001725,0.059062615705260765,-0.40517199207515436,0.15217978889627298,0.2115633193859651,-0.03834216321462371,0.5709511575897833,-0.28492076675167166,0.7450870343714787,-0.5225413673219411,0.3522674653591248,-0.16790368127310046,0.5018038516655967,0.4479926487915149,-0.32574267658022626,0.6914024656466489,-0.23527185757729296,-0.29625081789180435,-0.33901536902306023,0.27232448069627657,0.5931367284806365,0.36845520587227537,0.16187390272292132,-0.313583706200576,-0.30623527468316775,0.7787192822481942,-0.29386734769695966,-0.1722525130116732,-0.2122275130633567,-0.019884939891200933,0.26935766664481375,-0.31839133278830245,-0.2899189369352779,0.3260092234877889,0.14655438440209317,-0.45628324691827166,-0.27078430297596395,0.006764761417517959,0.10575654043697387,-0.2916069576922863,-0.12000982322774674,-0.0469585297751809,0.5366091302083353,-0.32378298129113253,-0.2267234972536437,-0.36962840003440545,-0.20287314231327905,0.019562800174177827,-0.24695444473206135,0.10162235686118659,0.19908616189002556,0.5831850318189298,-0.30721862983281023,1.0,-0.3505746164407713,0.6777758149822066,0.1500031723640798,-0.10744902584090582,0.05636231404371508,0.016509804016578325,-0.42499837600176604,0.5929145668589095,-0.4156539954713792,0.7105460275419193,-0.017838984791823942,-0.0665954779378141
Steak Fajitas,-0.014152658418672883,0.08362145313176951,0.05163312357251268,-0.06251959441016257,-0.38153863326561605,-0.06542866492440408,0.07955977304658793,0.23196272656216757,0.8274261570723523,-0.05537538078842103,-0.04063251001254299,-0.08721497919882246,-0.5542816814026215,-0.1720873368509646,-0.04167481097471211,-0.07718603640431461,-0.6000837844846959,-0.06427802879433706,-0.4405245105066189,-0.022449359250705077,-0.08690823871660902,-0.12305709034500507,0.8819953933013484,0.8147932613944346,0.8724781456627361,0.06206983531487395,0.014127602462908919,-0.4479343865615574,-0.07754843584737553,0.16059349816242438,-0.004981777601099163,0.5108807787522227,-0.3738775030773036,-0.041682419730781795,-0.016512561014697114,-0.031442966647599845,0.25312527156976955,-0.25999965981983664,0.040586637064133915,-0.3257077916344599,-0.32948270721748857,-0.41281351051783877,-0.05895651732403878,-0.29932744313306103,-0.10349808263644103,0.0015581421918263033,0.2324500493807025,-0.3203738170341398,-0.5189500949452199,-0.13612677144584068,-0.41701328372070956,-0.22421844516215264,-0.24922819942195157,-0.341345469777179,-0.10256138477212248,0.06501774546819367,-0.036216962453962574,0.41914981753301855,0.07674935135592799,0.36941450374430695,-0.021540138951249406,-0.2600312893924151,-0.17657879208266564,-0.017463418340242204,-0.4208825944941466,0.008292338559196134,-0.03686159125041941,-0.02223809859333021,-0.5757695454706327,-0.23819210831265114,0.24405807907136576,-0.3558039415936695,-0.3055410951917234,-0.17322521755601583,0.2700545588784915,0.35009243062012607,-0.3655103497932613,0.24015423548922651,-0.3376777540873382,0.03131571709450501,-0.15322460701426902,-0.48420591256033974,-0.055325261430916414,-0.05314964112718811,0.2427153015401422,-0.4396516186803533,-0.005982642374144996,0.8862221490032779,-0.21650957449316593,-0.16794875971868964,0.14838376228184502,0.03909559733517798,0.26516555631072025,-0.39981727717884796,0.35861055045481316,0.0697598305428273,-0.3040724026990681,-0.3692835547580421,0.28410750792839423,-0.05905166005664707,-0.08523118507149076,-0.21769481226646714,-0.31590436981271386,-0.14876832842484455,0.15101867513058934,0.16041770119071014,0.6815755223791525,0.15640378251210732,0.05568095802754362,-0.3505746164407713,0.9999999999999998,-0.475234735650587,-0.5880297982303028,0.480300537146266,-0.3247107530021299,0.24046031075346308,-0.046251977900402114,-0.4386567698521436,0.018673037755241186,-0.2527029656247365,-0.0246297774078332,-0.3810442991915917
Sweet Potato Fries,-0.08645448965939645,-0.2409092534071175,-0.2990193348142109,0.13176005314660164,0.6886467620646594,-0.4336330589276831,0.25065546226932167,-0.3989402432307108,-0.4011413158598101,0.03865302256252956,-0.07837110456423857,-0.43189822211694007,0.34408029161702186,0.7610134296575047,0.042361206397069584,-0.3764879417892547,0.5010331845627012,0.09256232028352476,0.39062992443546574,0.46981874345248226,0.14244202623015614,-0.002225843030831263,-0.3841495592800976,-0.37132239996960564,-0.38280985659002864,0.3236078670940238,-0.1043013209706805,0.8879670616867716,0.02872923485386175,0.40581429054498214,0.52802503006096,0.012903705406294763,0.8129343899254441,-0.06996963088032558,-0.14704770438294507,-0.11426339063473236,0.2891592374309299,0.16267000467639317,0.39885811055330733,0.3586888562620493,0.7152384520771458,0.9428202529082778,-0.28407392410299337,0.0960609711284337,0.09286947564916787,-0.0493077846245657,-0.3932719804058604,0.5575328944298793,0.47926080112775565,0.11184071164440401,-0.044384597354040475,0.04339280959358434,0.18499519848625326,0.44737955077006714,-0.0960933871406314,-0.24888998389171235,-0.1280048985130013,0.14907176563208577,-0.16158442433413292,0.2165563281820617,-0.14185638195692585,0.05000826485519625,0.13247925894989868,-0.123357218800101,0.8702997956764112,0.06650477697865925,-0.1392894654604952,-0.14557473381534267,0.5548014809244506,0.9058083136014625,-0.2802080192243931,0.8797140053956345,-0.20307709620523742,0.23394714774662842,-0.36230346728901386,0.22624032760402865,0.2537891262162506,0.38517163501054663,0.4320536332215807,-0.39462095278567777,0.04043686674000762,0.9814322739465787,0.004960477258190488,0.11332071038577934,-0.2822085513735881,0.0013287986393511336,0.474203755745363,-0.44414844928847025,0.05575023491595521,-0.05572428803292215,-0.1876526747940893,0.000709863217201831,-0.28506019056453685,-0.028584539832339342,0.21242525604998702,-0.31860863482131935,-0.033381635978934385,-0.07403970794684564,0.19114152016210148,-0.05827815453836195,-0.3392947097668506,0.10750365171671589,0.3134180007273703,0.08002152162828349,-0.2830733853381004,0.2678849354776683,-0.10467257090533327,0.27430171882528154,-0.3938998616616971,0.6777758149822066,-0.475234735650587,0.9999999999999999,0.3279879133603392,-0.05119058101619509,0.3495385288789435,-0.2944052521637549,-0.17042992967641102,0.9137633721072598,-0.1367084084505804,0.3554282966474398,-0.21953194698623452,-0.015675557247435995
Tiramisu,-0.26496032153917864,-0.27724081706760584,-0.2052724134558658,-0.09918106963102342,0.21059866949427797,-0.05871468011806853,-0.2064859490260423,-0.002327054978867876,-0.2090378386974144,-0.1635498175938761,-0.27660941472734396,-0.11356643970570655,0.8275886345657287,-0.07206123984137294,-0.12210582029449676,-0.19689973593019486,0.948387412205259,-0.0032732974764801206,0.6676217371128379,0.2800072763280138,-0.017584628150696453,0.013647240507452103,-0.27551637828963266,-0.19760241664312653,-0.25978640073211395,-0.2859737185265221,-0.37592121959200325,0.3291411515500529,-0.2024076403502565,0.2971914967148201,-0.26382124762087056,-0.15440566635740968,0.15878964252406863,-0.06710166907321014,-0.1916361980834791,-0.09701807693436267,0.32642329847450685,0.16058535622576178,-0.27686964999327296,0.20243352342826218,0.10536653022084265,0.25634512129837617,-0.21419207580689997,0.16448218400128084,-0.17714008811370469,-0.30696873491970994,-0.021851458420576148,0.04856499508633029,0.8596452384205152,-0.026605596761634445,0.8425587863773196,0.16063280769612803,0.16535107294866355,0.16509194556617326,-0.036222565106429766,-0.2934361154370548,-0.18453681437979857,0.21637073044728652,-0.24876879987748338,0.2079255492568951,-0.11060652110849956,0.016668336967501245,-0.0406649852150814,-0.1998204949040815,0.19168660957992864,-0.053880439104123976,-0.18093648682935198,-0.12324988881008508,0.8347839487469415,0.08242670343037029,0.029586088803373455,0.2144579827974552,0.7636432520413682,0.07344379152486588,-0.0753600562693998,0.21144761190990588,0.14238070766732408,0.19702721047643587,0.2232099678773381,-0.21700067514110402,0.04292586455055793,0.26856755450809244,-0.12398854001997718,-0.11498810936457238,-0.05304140261401403,0.8630043614048077,-0.22118236807594474,-0.31005742425729416,0.03967679673258745,-0.16072065290282503,-0.014344331041560328,-0.16875324454890306,-0.07709366365151006,0.8816001724193304,0.2532785245313534,-0.20692030851247617,0.8703305892161088,0.8565377432359693,0.0897269557590121,-0.032868565477188146,-0.1849392224863746,0.11250773900515809,0.1952931738601584,-0.029805812457018577,0.1261432177263962,-0.3936528461569601,-0.14498146298378467,0.19270802442595394,-0.3381269329192985,0.1500031723640798,-0.5880297982303028,0.3279879133603392,1.0,0.1801870614201249,0.2000564583730815,-0.10367284681574035,-0.17811590864335758,0.3255673382784418,-0.1012879832541486,0.09927729303750353,-0.3166510188998052,0.8810309291405013
Tortilla Chips,-0.2541299602291503,-0.16483206153716984,-0.15050352367982572,-0.10710965114407617,-0.07359629464047718,-0.0325773396207597,-0.1489819185484358,-0.41242669776287094,0.8461818283536354,-0.14029414842088628,-0.28650347882333527,-0.10837062866580971,0.03142606896906068,-0.23026121866054558,-0.1162712414386785,-0.11629150913823963,0.20571407342852632,-0.01886065196291356,0.013569154342756814,0.4368622324486079,-0.028028135806162632,-0.0015875059063564885,0.8139200709716753,0.8379501095926224,0.8311068616131595,-0.21760917199560773,-0.35311277916699424,-0.027277483353569807,-0.22536284611410168,0.6825295349828213,-0.22887645665965625,0.5642666006953732,-0.0701699014526709,-0.08056362531120469,-0.13644270033262884,-0.08929630462019889,0.8490934186047536,0.01116567921841631,-0.22144866054363718,-0.013507671992627207,-0.06412403648131662,-0.02633979638276649,-0.15952097937751247,0.019451721359595678,-0.23328279836639837,-0.2588896145379374,-0.421196067605865,-0.12056639218458784,0.019825084102436275,-0.0683005289380668,0.24288481852743737,0.04305118239972074,0.06450900539344535,-0.09437359624968165,-0.04365529089138477,-0.197642876865619,-0.21251306738917752,0.9591693212760057,-0.16032341134798514,0.8944010087477006,-0.013517013197266382,-0.05622402793274961,-0.19430815386054248,-0.14382124077982228,-0.04873553261541271,-0.03988280453544357,-0.20561198256706611,-0.11319484189820576,0.10747317567628412,-0.10235845525009696,-0.3596248284561504,0.0339223860913075,0.14117024577941692,-0.021360981443769293,-0.42768643422954067,0.8646751653332309,-0.08202461613940384,0.7208215635991144,-0.015131355557360733,-0.10796961379077165,-0.0018860844781005163,-0.0892249042895209,-0.10876008359969452,-0.14431036128174127,-0.4479776662093392,0.2922619014763165,-0.18852736693117866,0.7921334368059185,-0.053500029499339734,-0.23912990050645433,-0.4481002937579111,-0.13677603208528835,-0.4353360342930417,0.1242853297610447,0.9319719357887011,-0.1328275534598287,0.11804722751727673,0.0785711802598743,0.5962561413096261,-0.05602620418199131,-0.1025076206432323,0.016615847226775764,0.048192521825182924,-0.13693720601756712,-0.4031398197393586,-0.23881411328250252,0.7491715975849501,0.5807298887450861,-0.15891191474194738,-0.10744902584090582,0.480300537146266,-0.05119058101619509,0.1801870614201249,1.0,-0.020144554858092877,-0.45438953128765674,-0.11768350731507479,-0.021974471886380416,-0.06829073752358124,-0.12082917460773067,-0.2556933842237458,0.12752133905067678
Truffle Mac & Cheese,0.6221241532283609,0.6959596373445834,-0.2481440249023011,0.0009739279195749954,0.25643293511394954,-0.18362850159610195,-0.24788321674834307,-0.3620050301011862,-0.28366305319461055,-0.10171181810131845,-0.20075548215144018,-0.22806498357402227,0.1437014470469408,-0.016708261925033947,-0.02365941671478994,-0.26451990324464064,0.3163617278936435,0.055197442963983205,0.1307605529999885,0.2755493487209534,0.051876500498313285,0.8479387857232868,-0.3285055893607671,-0.2941582008838597,-0.2740196715154907,-0.2672607926438841,-0.1513745117369883,0.49066937796586413,-0.10830403092483813,0.305606500924285,-0.19023880266406204,-0.07105485070270717,-0.08411051556624335,-0.07142317631852124,-0.17308144073540388,-0.08312360630695954,0.15535175661350556,0.9593280114690834,-0.24843226106678734,0.9965320079999006,-0.08708479122655795,0.08075593924272309,-0.21511062658220442,0.009874832472471775,-0.1445227511409745,-0.19285765389778955,-0.29442296171069765,-0.14346520588263195,0.33352341670355923,0.09237459723932337,-0.08057062481365915,0.8633328353417904,0.17045907069857907,0.22297514992533957,0.8207820964416472,0.5773477397213685,-0.1902944881811896,0.04297198963970269,0.743114306452907,0.11318471397611,-0.1539925376635398,0.031495521409317655,0.0013140333880640692,-0.19039487999569782,0.21745772186295298,0.682255631807898,-0.18544825907258825,-0.12127283545922746,0.36572302861732625,0.2679183887811754,-0.266469184876419,0.0633964459673844,-0.13875112987631055,0.19246775194505752,-0.26539415669792676,0.17318620066639823,0.08256271079270977,0.2390683278905471,0.9869966903920624,-0.28945743476075964,0.8792360567888217,0.2649056434440486,-0.10627657148898431,0.9102630945231724,-0.2828907892108738,-0.04973531435252939,-0.13548325830876073,-0.31722780975124126,0.03628480632243268,-0.13264575598637546,-0.20072498818068124,0.7540905251710873,-0.23430805759064766,-0.0659974371920335,0.07258142056477372,-0.2326334436150357,-0.05645677122048181,-0.11242182050573354,0.03164437396852079,0.003706778379925905,-0.2742799691480658,0.07451715070789355,0.2846313216643885,0.013381038230634185,-0.1784256476422303,-0.28381741582409503,-0.16089733073638046,0.10513861055119418,-0.28104065662348937,0.05636231404371508,-0.3247107530021299,0.3495385288789435,0.2000564583730815,-0.020144554858092877,1.0000000000000002,-0.27276991949108575,-0.08444765797517718,0.44937263452431025,-0.05083777069504829,0.1460090350854247,-0.2189482968256936,-0.0907217214306336
Truffle Mushroom Pizza,0.20083480271363946,0.0425605766743624,-0.056378091976138585,-0.14872461137347417,-0.0017391725731114062,-0.1950804281895374,-0.0579084667552149,0.9386545849545109,-0.17053904545919585,-0.0807655550469889,0.23529432990782084,-0.047444378940424276,0.14872710748386597,-0.005051863612626509,-0.15091559199260673,-0.10362790714766314,-0.21171302796421956,-0.2950558432179161,0.24290181025259494,-0.11114441295655365,-0.29758965137290355,-0.30428266130918435,-0.06880730441333055,-0.06631631500929563,-0.10974683956645465,-0.019622038650966567,0.3605380438747295,-0.2761107046190351,0.08854658961220876,-0.4765391355093375,-0.07560152596871164,0.09802023066248947,-0.32228754766021656,-0.2143202710566522,-0.09831269063906375,-0.21240056921724645,-0.315387785620444,-0.3057972501593882,-0.002341204137895188,-0.2697072567073481,-0.1442632421690241,-0.3388246880212208,-0.09271789200971128,-0.35028214894147364,0.19026210939605576,0.23524507735518901,0.9714155840680174,-0.12196701472889479,0.15209049456283852,-0.32127095536149186,-0.16577449076468406,-0.36454672476582456,-0.4518895391459074,0.0641438336253021,-0.16927886282371124,0.1511305867069138,0.16988461997309737,-0.414960537580355,-0.03707488797382917,-0.371531661942642,-0.0653801417253692,-0.23792708403951301,0.14336504838536393,-0.12130556946773768,-0.32490639965876605,-0.2234487457656067,0.16718853596109426,-0.14730159801796192,-0.026095305996024137,-0.206514634751568,0.844550303111839,-0.35996881623585997,0.06191270004040882,-0.3302008175717694,0.8781818414287366,-0.3064134244013279,-0.009574810246846385,-0.2799304246959601,-0.24657141421603468,-0.07755326235140193,-0.3073125027888376,-0.2745571906294503,-0.18312495702526532,-0.06258089046440682,0.9317477677110404,-0.19822225891067258,-0.07043979921430255,-0.06278818604123053,-0.28399632179304696,0.15024048391584352,0.9835202330203794,-0.11012031701782136,0.897644620123617,0.15038517046054994,-0.42397511151774486,-0.08773269688358042,0.24886508197241708,0.2186022326143733,-0.0350627495313292,-0.2714702592401902,-0.14210102395329383,-0.3731216057903316,-0.4513131872093715,-0.17025265091856542,0.9012095355360127,0.022667498625859435,0.03672837306661793,-0.10447537300634717,-0.0266414643932913,0.016509804016578325,0.24046031075346308,-0.2944052521637549,-0.10367284681574035,-0.45438953128765674,-0.27276991949108575,0.9999999999999998,-0.17658189982261951,-0.2667311500733698,-0.234146227743586,0.11888295767468195,0.11550161156441882,0.13548168367246874
Tuna Sashimi (5pc),-0.2644872169524242,-0.07478475983907105,-0.07948064692076183,0.18026259105899103,-0.4308995303013117,-0.17318818444985984,-0.03817538778952477,-0.03352543528636931,-0.029649091322158476,0.017983666770480668,-0.2804024086272769,-0.31728290255114805,-0.3462647371595029,-0.2709351574575969,0.15908587271370833,0.8042398296442489,-0.1275438784194908,0.2689173073485198,-0.4117078464545669,-0.36509684569274503,0.22174067018372562,0.06545470108654478,-0.0762974423186704,-0.16552534660446103,-0.03051000728686714,-0.03995446200377452,0.35834667993720204,-0.08283948719773282,-0.1446590575692835,0.0955803761971129,-0.037807018609079056,-0.37233893442807053,-0.10200409580946213,0.04755658027681601,0.003961980549941374,0.04334131848683114,-0.2961500090272011,-0.02982709526256259,-0.10788761169240421,-0.07364533555652124,-0.350167648234339,-0.11880515463094106,0.9338405959802811,0.9005965447282467,-0.2773409701633937,-0.28322130586556493,-0.12181603924620649,-0.3067360818303833,-0.288227750321867,0.08511899755820146,-0.08041319190219907,0.06024450144575945,0.8438269443412048,-0.09444068744508169,-0.12162751980775612,-0.23721645975431097,-0.3707312866331361,-0.15448998574316233,0.08345402762439803,-0.17092622105296673,-0.04182851188128893,0.8659881002275893,-0.44390419806590453,0.03355472214491982,-0.16372256320856166,0.26422762604791283,-0.37807361569280684,-0.025864912966304936,-0.3254884753748968,-0.060637343987027276,0.061125441497351475,-0.18288039643269077,-0.11689643833334575,0.14828018169806437,0.04798081901618742,-0.3011521329337935,0.15662583639658847,-0.24790246975324678,-0.16262411172970248,-0.027815315899174888,0.0692047261156516,-0.1694942940753561,0.11685196272901606,-0.0008917321318193182,-0.0026757508197614733,-0.15720643666718248,-0.12303011913844383,-0.050053935229514665,0.9490929163479295,0.41689127503895035,-0.23955601979297572,0.1791472274948455,0.027307546030057847,-0.21720774085032069,-0.14408964281983128,-0.01723877684308491,-0.15345123589548235,-0.18477339428760228,-0.4161975103175524,0.09849830106405927,0.8301595811819957,0.9069358962760985,0.7710960225212827,-0.07663019560104586,-0.08427253052994313,-0.022079588325121236,-0.29928482485513186,-0.4374707749113946,0.8763272250946155,-0.42499837600176604,-0.046251977900402114,-0.17042992967641102,-0.17811590864335758,-0.11768350731507479,-0.08444765797517718,-0.17658189982261951,0.9999999999999997,-0.1158663063203484,0.12498185148499816,-0.433734970822868,0.7429020750916452,-0.16214297391408214
Vanilla Milkshake,-0.09288378066045175,-0.23794297586747729,-0.19582491861180523,0.30444374487109366,0.6710533993348247,-0.6092548574078329,-0.09600795885116743,-0.3882447649690419,-0.40294089221256385,0.17968677813323983,-0.001171824869907273,-0.5664428780232728,0.32306474816188124,0.5089154693861923,0.20292023424404348,-0.414557271068656,0.5657152268075005,0.2269054827236398,0.4052047263820565,0.5733504530818683,0.2711957743338264,0.033421738854385145,-0.38984921150173746,-0.39673618383144527,-0.3616775195656851,-0.0325352857776106,-0.07052548869557393,0.9887186254878225,0.1568983540856047,0.5573684680687062,0.27965548569825877,0.06867688871687472,0.5833558845952128,0.10803929440590994,-0.04902335596218162,0.05753047839657255,0.3663339021974006,0.22302581387635587,0.04640949413096871,0.48390691673270464,0.5165703318632159,0.7808670821668794,-0.28773670006979474,0.1665060524569599,0.1908555671340632,0.03464818284413422,-0.3836368020617338,0.3288276208966893,0.559022309935431,0.2168163009813776,-0.15200577372429283,0.08331200459402592,0.2831141850829707,0.520681446031988,-0.09166535345982232,-0.28570390425736936,-0.043734079501315415,0.20459963744640888,-0.11894472800621556,0.29689283448382214,-0.16219133098805366,0.10577635043671223,0.2304591851879263,-0.058213150332418695,0.7423485925034459,0.1854610420136246,-0.05823316132903709,0.02668388431699916,0.6119222694237721,0.871585976347873,-0.21771870601668272,0.6787897551742431,-0.3166786674407251,0.4014257302974651,-0.3191443387256553,0.3072239201255662,0.27319544846232524,0.5011852380844781,0.5380905325313619,-0.34878951348716747,0.07350002280928827,0.8987949994154435,0.09523013145606067,0.23071157927794275,-0.23758810441694425,-0.10657190622305607,0.1304957045207017,-0.4531644819640759,0.1324732639290152,-0.06901129746296122,-0.16037489061167018,0.07370216529420699,-0.2251550930213131,-0.10684636444848382,0.2918195202516973,-0.20638549699414466,-0.05865253658744339,-0.13141592437635805,0.24113330869724794,0.12165962876867799,-0.3878418472137371,0.19455255035207172,0.45098946489537783,0.2800012798075476,-0.2574074254883147,-0.033737957759972424,-0.053450821303163504,0.3283192936677104,-0.4174642577521424,0.5929145668589095,-0.4386567698521436,0.9137633721072598,0.3255673382784418,-0.021974471886380416,0.44937263452431025,-0.2667311500733698,-0.1158663063203484,0.9999999999999999,0.012574638155839,0.47589901959408176,-0.2290074129931159,-0.10574415372698445
Vegan Buddha Bowl,-0.3375162057785802,-0.07799739382556735,0.8683988229540782,0.10220437572577391,-0.4326498071435054,-0.017502072963508794,0.039792504721577755,-0.09070145981944885,0.017370331427618502,-0.06616807437860456,-0.40443628524372105,-0.18664969559231553,-0.3853030424974981,-0.18615026210779828,0.13827924011272813,-0.11656561117517465,-0.022372386062959118,0.3131330103995943,-0.4550845339036747,-0.3611047033801089,0.2250167958127057,0.1050143123846192,-0.051635356515434265,-0.17206042801108917,-0.013854372833438239,-0.06648120300024674,-0.3575942155731042,0.04418310559572833,-0.2869668038293568,0.16756551467037387,0.06875127554066804,-0.4255108461518071,-0.09144561868738621,0.9754189016812905,-0.019105434879860106,0.9722720599112813,-0.2577202130857926,-0.0083934080459808,-0.13382772876016857,-0.030990023770964385,-0.3645118138271487,-0.07945245837742834,-0.024157982791072057,0.07112689907521969,-0.4211432848292265,-0.40777753125688515,-0.16852491796144153,-0.3657326094979275,-0.16301277136431608,0.22013169715316067,-0.025225127071659942,0.09892265120918221,0.2651772769202742,-0.42236999175554424,-0.07087585940014722,-0.2640748422884355,0.35216112437236935,-0.12436830423803508,0.09250421155610213,-0.16062006214185748,-0.047397750640844116,-0.1260001248568775,0.15537745958877644,-0.013195073770851759,-0.20868202005500308,0.36978771319531684,0.33629296435118006,0.9298416878429565,-0.25490006579536434,0.12505233689516962,0.04951399253057196,-0.16457946727658535,-0.03630481700078548,0.26467382220720487,0.026319458392805136,-0.25672406595253683,-0.47888207150302786,-0.2229069518150341,-0.08342355778926293,-0.04193246083855448,0.06662008668779186,-0.16582924500987817,0.049484965342579526,0.05842792365191695,-0.041845107147652466,-0.09693798553153579,-0.10123706911861803,-0.06517714799686847,0.11262158453480216,-0.4123143447878067,-0.3058430740605566,0.22383418237644775,0.0025256968095375486,-0.18700614566632162,-0.10928437279083081,0.9123932819687816,-0.0901544404131516,-0.13231816963600948,-0.44146061511028206,0.9888515564610411,-0.10006829142029362,0.23196456015426453,0.23485380980646464,0.8639989578764458,-0.05743403993186634,0.0654790378504094,-0.3162637709130949,-0.432843287018851,-0.060113791270273956,-0.4156539954713792,0.018673037755241186,-0.1367084084505804,-0.1012879832541486,-0.06829073752358124,-0.05083777069504829,-0.234146227743586,0.12498185148499816,0.012574638155839,0.9999999999999999,-0.054638179476762,-0.2422316342362358,-0.1396458677631605
Vegan Peanut Butter Protein Ball,0.3042005173236481,-0.16229132124872597,0.21355006215904915,-0.2333778258903123,0.8270249699080834,-0.22036525342751254,-0.33283618270223386,-0.1627038365278543,-0.3917489268130277,-0.10457218080045998,0.3191798770611415,0.07185020031922885,0.5212864728981302,0.2847143909121387,-0.2964862739237567,-0.22161138865248078,0.23880418393891087,-0.4617546057804085,0.6900224281382725,0.7445194529887493,-0.37075301024255275,-0.3178849182239709,-0.27518211119029046,-0.15347308820863664,-0.3284592811679901,-0.2953069095926624,0.44873768049476015,0.5117038246555644,0.1509391683157389,-0.030680412473831555,-0.20592322370775265,0.5309232623391035,0.09505582947716186,0.1389689375426717,-0.2630189346853447,0.1269789866831767,0.3334962063570006,-0.07203048404886096,-0.21885631097556552,0.20268965790104979,0.43486109968357267,0.2181629943398384,-0.29825347787359496,-0.1967305921157192,0.4590273068188994,0.34227031429171234,-0.07003861872671216,0.2860404085787788,0.43672504402059564,-0.2688686573221467,-0.2704350610051301,-0.29833188298981717,-0.38096484496620625,0.8424322575312724,-0.13629205072975645,0.06287817074069155,0.7524770124367142,0.07241691095104105,-0.31885984971631826,0.23278266574158263,-0.19341600871009892,-0.029064288832860965,0.9346064209775936,-0.2881176173895109,0.19891661366994368,-0.44274607697704427,0.7522745772807682,0.2564171087712345,0.563855743998813,0.25632940635762747,-0.26212973505505116,0.13877766219552562,-0.3237515207297682,-0.20706824240360214,-0.278774098840416,0.3155882620421087,0.6603276109132392,0.4730273048393174,0.27603585851883167,-0.3767664020664853,-0.2761642430786956,0.42280824605674494,-0.34052928708968416,-0.026990650084617797,-0.13559027675741323,-0.13324367683153396,-0.1129192631425202,-0.3002489311144051,-0.26660385319545243,0.4129438402349734,0.2609650252280173,-0.3751032945969356,-0.19796691969548574,-0.08818122003931343,0.13010858235774045,0.12113276558138011,-0.1580862179290401,-0.12863786745178374,0.6191579756199721,0.0531875414515209,-0.24568242594939932,-0.3716936147891599,-0.14931024491620454,0.44410499552588095,-0.16110412323749898,-0.35966236740926866,0.2914543857786197,0.6584923445644211,-0.30587192006201297,0.7105460275419193,-0.2527029656247365,0.3554282966474398,0.09927729303750353,-0.12082917460773067,0.1460090350854247,0.11888295767468195,-0.433734970822868,0.47589901959408176,-0.054638179476762,1.0,0.03443280331116576,-0.1635328835378197
Vegetable Udon,0.09675011315797216,-0.06205070756633904,-0.11779004381246282,-0.19173226513591216,-0.006856556632734587,-0.04582890372351224,-0.05920072895263425,0.06759821999209094,-0.16755969074610622,-0.16033103240788654,0.03678392851520838,0.031418183045289705,-0.07894420477166852,-0.07811138084738123,-0.22472462071237154,0.9026422264571631,-0.3030116820834886,-0.2867484268076383,-0.03446212364822725,-0.05916542437891101,-0.26158587393109645,-0.23422865644802315,-0.10574085624896959,-0.07990128607139173,-0.13210710122849476,-0.012970609320972666,0.8608722994904046,-0.1813380520833947,-0.0661309401257213,-0.2984216556350731,-0.14858951851823288,0.05541762015244378,-0.1394817326826632,-0.23059689544884812,-0.19714249816270388,-0.2188659383989123,-0.2389831534618916,-0.22629344536309823,-0.042670922065105914,-0.1971773747882177,-0.06877427593094546,-0.18742057434842313,0.9043382673173099,0.664913084948797,0.052768340778889075,0.038279053954739184,0.06222256239616354,-0.03978248418604192,-0.2684556025024453,-0.30365944274717943,-0.2640749717592716,-0.26343777342947017,0.36398075007874225,0.37308776271146665,-0.18663637457732238,0.017583138951628406,0.05498823921413438,-0.23619743691009137,-0.1172442819001684,-0.17136139750218057,-0.09389845989045624,0.8482208907024159,0.037200192357855114,-0.16611521938165075,-0.21183594196141187,-0.2597494738194575,0.05702152035736173,-0.1724384800147998,-0.2117919686232882,-0.21893746971459654,-0.03250292033432379,-0.23241584809875654,-0.2536460361821279,-0.3101485036056385,0.0058868183069955005,-0.22628984181507084,0.6348862102571025,-0.14744199400011374,-0.23615574876895445,-0.17176822838858075,-0.2069317317548476,-0.15212600352495612,-0.20813995475999453,-0.16574810496818243,0.04316885894682791,-0.2506611789335698,-0.036543903780972706,-0.06459526455108967,0.6828846538354237,0.8972282596419017,0.12022819686263045,-0.1836330376130756,0.007802173187913718,-0.25169792650274647,-0.23452224806759384,-0.131205186648782,-0.2932957046976989,-0.2541061596788904,-0.016002816227363405,-0.25404494722140214,0.9009993333747308,0.49310763593162077,0.3773555151043661,-0.18943990774054723,-0.062380151212592785,-0.08515635417307826,-0.02570398163281533,-0.06045610299843003,0.9192079506106614,-0.017838984791823942,-0.0246297774078332,-0.21953194698623452,-0.3166510188998052,-0.2556933842237458,-0.2189482968256936,0.11550161156441882,0.7429020750916452,-0.2290074129931159,-0.2422316342362358,0.03443280331116576,1.0,-0.25394095805992295
White Wine (Pinot Grigio),-0.29135517883018847,-0.2382148853756623,-0.15535289960260593,-0.25632265470171434,-0.08592165946944556,0.1522010859896793,-0.03590040085925015,0.3086001726898117,-0.04992006099836743,-0.2786346924467124,-0.311131251551355,0.06673593377045371,0.7025925004864091,-0.17571451704747382,-0.23805209469593452,-0.0683208918083332,0.697362307262083,-0.12172822467193521,0.5034359678690786,-0.03650714016722256,-0.1637358000902057,-0.079348831906475,-0.11504183270405259,-0.046379669602444246,-0.118965764275378,-0.1261581887282559,-0.3768208048525415,-0.1148595906882168,-0.3102036000029567,0.003321537428914099,-0.23384853088669233,-0.23141936263459237,0.013910576267964554,-0.15428689668292722,-0.20817568844685855,-0.16470843150166684,0.10571872589003375,-0.03060528051805751,-0.14652222150718616,-0.1108897430905178,-0.04077473520278015,0.004031644092010726,-0.12853056533325644,0.03717094230419275,-0.30025583625480234,-0.35678914941996126,0.2776449166331312,-0.008581761676353265,0.6397917162644788,-0.1721547667660106,0.9424330937872958,0.04070242295535808,-0.002487331485280687,-0.12144697856975929,-0.08176705199843597,-0.22990173579254783,-0.21200309843808543,0.06834191361377942,-0.25355765382133977,0.0070552563190232325,-0.011610126533472737,-0.09897335743250685,-0.1959852697425288,-0.20827945689272254,-0.06174641055861013,-0.1742247431439069,-0.2047595447730715,-0.18375820452483704,0.5574907916918365,-0.2313953046413124,0.2676948821220926,0.01235302488474238,0.9607473039863954,-0.1519689362050114,0.2029113422382793,0.007847037705658356,-0.04670247021940997,-0.09459981779507917,-0.10438959490747012,-0.10211018748823729,-0.07080729774489097,-0.06887517695363085,-0.19004836460990776,-0.2891111885495101,0.19366102486273523,0.9266277556105234,-0.1520685931145369,-0.12865296165435025,-0.06601158031794474,-0.18159245529606077,0.17003101082347594,-0.24250185191413973,0.1602383458545413,0.9910715707200995,0.06386207398977975,-0.15309791301491465,0.9753757124668027,0.9879645205447096,-0.07176621901170475,-0.13208002270713315,-0.0659896878235972,-0.01254740632259318,-0.0671188076259946,-0.20655234914892728,0.37816742063209136,-0.22479908453237904,-0.1585761015712173,-0.014752255899433934,-0.19261963307464328,-0.0665954779378141,-0.3810442991915917,-0.015675557247435995,0.8810309291405013,0.12752133905067678,-0.0907217214306336,0.13548168367246874,-0.16214297391408214,-0.10574415372698445,-0.1396458677631605,-0.1635328835378197,-0.25394095805992295,0.9999999999999998
