family,model,precision,recall,f1,pr_auc,roc_auc,false_alerts,missed_anomalies,alert_count,alert_rate
Best Unsupervised,Hybrid Unsupervised Anomaly Detector,0.8058252427184466,0.9431818181818182,0.8691099476439791,0.9521290209519504,0.9989226459814696,40,10,206,0.0217805032776485
Best Supervised,Random Forest,0.9649122807017544,0.9375,0.9510086455331412,0.9769731898177996,0.999371951577834,6,11,171,0.018079932332417
