risk_level,n_orders,avg_score,anomalies,share_of_orders,precision_within_level
ALERTE,128,0.8544933022838933,122,0.013533516599703954,0.953125
CRITIQUE,43,0.9868007745892529,43,0.004546415732713047,1.0
NORMAL,9287,0.00261056353256824,11,0.981920067667583,0.001184451383654571
