model,split,threshold_mode,threshold,precision,recall,f1,pr_auc,roc_auc,tn,fp,fn,tp,false_alerts,missed_anomalies,alert_count,alert_rate,precision_at_50,recall_at_50,anomalies_found_at_50,precision_at_100,recall_at_100,anomalies_found_at_100,precision_at_200,recall_at_200,anomalies_found_at_200
Hybrid Unsupervised Anomaly Detector,test,balanced_f1,0.12607348764952414,0.8058252427184466,0.9431818181818182,0.8691099476439791,0.9521290209519504,0.9989226459814695,9242,40,10,166,40,10,206,0.021780503277648553,1.0,0.2840909090909091,50,1.0,0.5681818181818182,100,0.82,0.9318181818181818,164
Gaussian Density Model,test,balanced_f1,9.694713414314488e-05,0.8076923076923077,0.8352272727272727,0.8212290502793296,0.9080138447342663,0.9979456817692112,9247,35,29,147,35,29,182,0.01924296891520406,1.0,0.2840909090909091,50,0.94,0.5340909090909091,94,0.77,0.875,154
Rule-Based Baseline,test,balanced_f1,0.5,0.9076923076923077,0.6704545454545454,0.7712418300653595,0.7375394059296304,0.9924364850835439,9270,12,58,118,12,58,130,0.01374497779657433,0.76,0.2159090909090909,38,0.88,0.5,88,0.675,0.7670454545454546,135
Autoencoder Reconstruction,test,balanced_f1,0.01636704893921364,0.7483443708609272,0.6420454545454546,0.691131498470948,0.6933722910750707,0.9392262149615092,9244,38,63,113,38,63,151,0.01596532036371326,0.98,0.2784090909090909,49,0.88,0.5,88,0.605,0.6875,121
KNN Local Distance Outlier,test,balanced_f1,0.13993830955986966,0.656441717791411,0.6079545454545454,0.6312684365781711,0.6300079876614032,0.9096081614463968,9226,56,69,107,56,69,163,0.017234087544935505,1.0,0.2840909090909091,50,0.83,0.4715909090909091,83,0.545,0.6193181818181818,109
PCA Reconstruction,test,balanced_f1,0.020044291439023317,0.6167664670658682,0.5852272727272727,0.6005830903790087,0.5645756463279509,0.8858139409609999,9218,64,73,103,64,73,167,0.017657009938676253,0.86,0.24431818181818182,43,0.67,0.3806818181818182,67,0.56,0.6363636363636364,112
Robust Z-Score Model,test,balanced_f1,0.31197744050319737,0.3697478991596639,0.5,0.4251207729468599,0.37201663824120834,0.7193088773971126,9132,150,88,88,150,88,238,0.02516388242757454,0.82,0.23295454545454544,41,0.55,0.3125,55,0.39,0.4431818181818182,78
Isolation Forest,test,balanced_f1,0.6342394374788394,0.34328358208955223,0.39204545454545453,0.3660477453580902,0.31587699056144103,0.8463362617774383,9150,132,107,69,132,107,201,0.021251850285472617,0.58,0.16477272727272727,29,0.46,0.26136363636363635,46,0.345,0.39204545454545453,69
